job_id,run_time,records_processed,cpu_time,memory_usage,day_of_run,dependency_count,previous_abend_count,job_status
JOB8415,254,18760,39,658,Saturday,4,2,success
JOB8262,537,38992,86,664,Saturday,5,1,success
JOB2323,393,5991,24,705,Wednesday,5,0,success
JOB1310,406,19201,43,1491,Sunday,0,3,success
JOB3542,111,77985,29,2015,Wednesday,5,3,success
JOB1705,508,73614,72,985,Saturday,5,3,success
JOB6810,405,34354,114,1721,Thursday,3,2,fail
JOB7602,40,52945,75,1633,Monday,3,2,success
JOB6166,88,10480,104,1835,Thursday,1,4,fail
JOB1013,25,36489,55,751,Tuesday,2,2,success
JOB5509,73,51433,20,1845,Thursday,0,3,success
JOB4431,261,70138,45,1327,Tuesday,1,3,success
JOB1952,129,75274,102,1079,Sunday,4,3,success
JOB2070,550,118790,26,2010,Friday,5,2,fail
JOB5874,19,98462,114,708,Sunday,1,2,success
JOB4488,356,54381,95,983,Monday,3,0,success
JOB8538,478,54173,81,700,Wednesday,5,4,fail
JOB1927,376,41128,101,1247,Monday,2,3,success
JOB4022,444,51281,23,367,Friday,0,2,success
JOB8838,257,2213,27,734,Saturday,4,2,success
JOB2344,394,59325,83,633,Sunday,2,2,success
JOB9030,450,77254,59,1371,Wednesday,3,2,success
JOB3891,290,6013,68,2014,Tuesday,1,1,success
JOB8230,433,67640,23,417,Friday,0,2,success
JOB5507,316,74245,72,1402,Tuesday,0,1,success
JOB6911,89,2376,76,1863,Saturday,3,4,success
JOB5017,400,135114,119,1881,Friday,1,4,fail
JOB4904,466,97914,56,814,Tuesday,0,0,success
JOB3039,59,52140,117,1374,Saturday,5,4,fail
JOB4146,100,16619,52,1114,Thursday,5,2,success
JOB6407,181,138600,86,953,Friday,3,3,success
JOB4688,249,125590,76,2040,Monday,0,0,success
JOB5122,91,40433,114,540,Saturday,4,0,success
JOB3829,18,50084,65,1495,Friday,5,4,success
JOB6379,259,28410,91,1076,Thursday,2,1,success
JOB3857,528,44823,24,1947,Thursday,2,2,success
JOB1547,299,70070,32,889,Thursday,4,4,success
JOB2079,233,82977,23,659,Friday,3,4,success
JOB8422,504,144917,112,1724,Friday,2,2,fail
JOB7820,536,93114,116,1326,Wednesday,3,3,success
JOB3562,417,8875,68,1767,Tuesday,2,1,success
JOB5841,217,82834,57,1151,Wednesday,2,2,success
JOB2551,298,79782,118,966,Saturday,2,4,success
JOB1468,472,87287,91,1058,Friday,1,3,success
JOB4557,315,65493,83,1273,Thursday,0,3,success
JOB7218,220,114458,55,566,Wednesday,5,1,success
JOB4774,168,38598,116,1609,Tuesday,4,4,fail
JOB2029,529,112326,45,285,Friday,5,2,success
JOB4421,97,30405,26,1024,Tuesday,5,0,success
JOB3459,308,140942,57,691,Sunday,4,4,success
JOB8703,97,52721,73,1179,Monday,2,4,success
JOB8468,491,43294,59,1253,Friday,1,0,success
JOB2120,557,78536,88,1145,Wednesday,2,2,success
JOB3085,571,50101,48,854,Sunday,2,3,success
JOB8499,170,29910,77,1318,Wednesday,5,1,success
JOB3046,416,43185,21,591,Sunday,1,2,success
JOB4682,375,40863,117,1915,Wednesday,4,1,success
JOB4406,323,146625,69,491,Saturday,5,2,success
JOB2549,411,9604,109,443,Saturday,3,1,success
JOB3711,419,8925,31,451,Monday,4,3,success
JOB8283,334,99896,80,1610,Friday,4,1,success
JOB1215,12,37819,90,1284,Sunday,2,0,success
JOB4670,530,110739,91,864,Thursday,4,0,success
JOB5109,12,25907,46,1490,Saturday,3,4,success
JOB2941,412,70209,21,1364,Saturday,4,3,success
JOB8394,307,64933,22,1895,Monday,2,0,success
JOB8938,491,112962,26,567,Wednesday,5,4,fail
JOB6746,337,64370,30,1247,Friday,1,2,success
JOB6938,363,87763,59,1257,Sunday,4,3,success
JOB9490,510,78380,33,1035,Friday,3,4,success
JOB9711,206,84894,25,1408,Wednesday,5,3,success
JOB3512,553,111939,67,769,Monday,1,4,fail
JOB3702,264,109458,73,779,Thursday,4,1,success
JOB2208,293,82926,119,1885,Tuesday,4,3,success
JOB7831,276,46441,21,1227,Saturday,2,3,success
JOB8001,71,120467,20,634,Saturday,5,0,success
JOB3806,59,142760,66,734,Wednesday,5,3,success
JOB5273,88,146317,82,887,Saturday,0,4,success
JOB8074,234,64426,116,1173,Saturday,5,2,success
JOB3897,114,103821,31,673,Friday,4,0,success
JOB6293,414,126866,96,339,Thursday,5,3,fail
JOB8066,102,16773,73,1424,Thursday,5,1,success
JOB4258,305,147127,34,929,Thursday,3,4,success
JOB9417,571,13839,22,2002,Monday,3,4,fail
JOB6748,484,37227,104,1602,Saturday,0,1,fail
JOB9503,217,56600,83,1803,Tuesday,5,4,fail
JOB9110,454,44524,43,524,Friday,3,4,success
JOB6035,428,93928,26,1725,Sunday,5,0,fail
JOB8693,302,66693,106,1612,Monday,0,4,fail
JOB7160,283,17473,50,652,Monday,1,2,success
JOB9821,297,92398,52,556,Saturday,2,4,success
JOB2914,32,78237,55,1685,Monday,4,0,success
JOB3650,237,33097,25,1319,Thursday,0,1,success
JOB8481,109,17358,84,424,Sunday,4,3,success
JOB7545,295,1786,24,993,Friday,3,2,success
JOB5300,387,42898,94,647,Wednesday,3,2,success
JOB6096,11,72744,72,1288,Sunday,4,4,success
JOB2010,458,129415,85,1523,Friday,5,1,fail
JOB1434,40,142581,100,1339,Sunday,4,1,success
JOB9259,45,92956,93,1074,Sunday,3,2,success
JOB3236,321,104422,114,993,Tuesday,1,0,success
JOB2841,546,74376,52,1092,Wednesday,4,3,success
JOB3005,294,35106,55,1874,Saturday,5,4,fail
JOB6193,506,108302,63,1243,Saturday,0,0,success
JOB6641,406,88210,68,466,Monday,3,1,success
JOB2675,583,102734,24,516,Thursday,2,2,success
JOB4511,177,47528,101,1076,Saturday,1,4,success
JOB4544,538,17641,109,1905,Monday,2,2,fail
JOB6150,180,41654,29,834,Thursday,3,2,success
JOB8730,232,124062,55,680,Tuesday,5,1,success
JOB3693,519,40274,41,898,Tuesday,1,0,success
JOB9974,508,21202,95,1507,Tuesday,3,0,fail
JOB1744,13,35742,108,1907,Monday,4,1,fail
JOB1372,504,45323,106,1465,Tuesday,3,0,success
JOB6543,542,7793,41,1690,Wednesday,5,0,fail
JOB8345,453,28799,49,1505,Saturday,4,1,success
JOB1024,518,94597,45,454,Sunday,4,3,success
JOB7081,300,78108,65,583,Wednesday,2,0,success
JOB4476,509,18217,30,1560,Wednesday,4,3,success
JOB4244,368,78315,99,1115,Saturday,3,2,success
JOB1785,504,11307,96,1518,Saturday,1,1,fail
JOB5121,379,28574,75,969,Saturday,3,3,success
JOB3993,257,102095,71,1216,Saturday,3,3,success
JOB2216,82,96304,34,1980,Sunday,0,4,success
JOB9232,210,50263,114,1186,Tuesday,5,1,success
JOB2847,589,19920,73,1741,Saturday,1,3,success
JOB1849,284,37334,53,1017,Thursday,5,1,success
JOB8833,273,149007,76,1855,Saturday,0,3,success
JOB8928,250,80707,93,1021,Saturday,2,3,success
JOB6037,111,114251,112,967,Wednesday,5,4,fail
JOB1190,125,108115,45,575,Thursday,1,0,success
JOB6281,458,75601,107,1958,Monday,1,1,fail
JOB2652,289,77390,85,1286,Friday,1,2,success
JOB7229,337,10668,105,590,Thursday,0,1,success
JOB2857,285,61880,76,390,Tuesday,3,2,success
JOB6715,156,79026,25,1941,Saturday,3,2,success
JOB1243,227,107169,90,2008,Sunday,5,4,fail
JOB4853,142,111790,34,342,Wednesday,1,3,success
JOB7628,555,101503,39,1499,Monday,1,2,success
JOB8493,151,98534,53,1605,Thursday,5,3,success
JOB7170,366,22812,96,1090,Tuesday,0,0,success
JOB4406,438,96338,44,1638,Wednesday,5,4,fail
JOB7871,576,44345,77,1193,Thursday,4,4,success
JOB3330,477,122547,98,1337,Friday,1,0,success
JOB6225,339,118497,101,1228,Tuesday,3,1,success
JOB4274,582,85147,39,1349,Friday,5,2,success
JOB9148,14,2166,87,627,Friday,2,1,success
JOB1827,186,110966,112,673,Tuesday,4,0,success
JOB1039,549,622,100,1974,Friday,0,2,fail
JOB3497,318,103959,65,1903,Saturday,1,1,success
JOB8956,395,31223,36,1884,Friday,4,2,success
JOB6725,178,399,21,1678,Wednesday,1,2,success
JOB6242,552,96977,115,1876,Wednesday,1,1,fail
JOB5953,215,126154,21,552,Thursday,2,4,success
JOB2191,70,127174,97,541,Sunday,2,3,success
JOB7008,323,79560,65,549,Thursday,3,4,success
JOB3449,423,41108,75,1683,Thursday,1,1,success
JOB4975,425,101473,100,1360,Wednesday,0,2,success
JOB4036,91,124598,21,1421,Friday,0,4,success
JOB1531,67,138383,39,1206,Friday,3,0,success
JOB6034,438,133892,114,388,Saturday,3,0,success
JOB4020,347,140430,71,790,Wednesday,4,4,success
JOB2179,119,36836,102,1805,Monday,1,2,fail
JOB8371,568,8589,88,1225,Monday,3,3,success
JOB7975,496,10483,95,1384,Friday,1,3,success
JOB5542,110,96400,111,1662,Tuesday,1,4,fail
JOB2243,18,131706,20,712,Monday,4,1,success
JOB4236,159,65643,36,507,Friday,4,4,success
JOB2824,495,4374,24,1134,Thursday,2,3,success
JOB2563,543,130441,86,1228,Sunday,1,3,success
JOB4519,414,137962,29,1283,Monday,0,0,success
JOB3967,509,67796,81,1406,Wednesday,2,4,success
JOB5372,406,51940,23,1665,Saturday,2,1,success
JOB1201,211,73615,79,537,Friday,1,0,success
JOB4349,556,22411,75,1096,Tuesday,4,0,success
JOB7957,599,141273,68,1893,Friday,2,4,fail
JOB7730,149,64143,41,712,Tuesday,1,2,success
JOB5006,220,86039,91,364,Wednesday,1,0,success
JOB8011,185,38133,60,2026,Monday,3,0,success
JOB9991,479,125269,99,1340,Saturday,4,4,fail
JOB5561,254,119833,32,1392,Wednesday,1,3,success
JOB8576,167,125590,81,974,Thursday,5,1,success
JOB1102,357,74441,78,1057,Sunday,2,4,success
JOB1728,267,110807,101,505,Thursday,1,1,success
JOB9905,245,67204,45,644,Friday,5,1,success
JOB1605,315,72252,40,1661,Saturday,2,3,success
JOB1476,335,77247,73,1296,Tuesday,2,0,success
JOB6912,249,27071,32,1126,Friday,2,2,success
JOB8185,225,56700,91,512,Monday,3,1,success
JOB6292,485,68693,71,1534,Tuesday,3,2,success
JOB4556,408,77047,93,1384,Thursday,3,4,fail
JOB5240,547,42050,66,718,Friday,3,0,success
JOB7394,75,83317,115,1759,Friday,0,0,success
JOB6447,306,17586,83,434,Saturday,4,2,success
JOB1291,151,44071,98,557,Tuesday,3,4,success
JOB6506,585,619,118,1161,Monday,2,0,fail
JOB4132,460,12558,69,864,Friday,2,1,success
JOB7273,79,47752,39,1878,Wednesday,5,3,success
JOB1270,204,122525,40,1881,Thursday,1,4,success
JOB7899,221,145992,21,434,Saturday,1,0,success
JOB6723,327,92521,61,1710,Sunday,1,0,success
JOB5325,170,114004,103,1403,Saturday,2,2,success
JOB1707,125,69228,41,1657,Saturday,5,3,success
JOB1226,115,112936,47,1460,Sunday,1,3,success
JOB2573,34,77510,72,927,Saturday,2,3,success
JOB5093,423,134612,28,1992,Sunday,2,2,success
JOB1575,335,40976,23,1589,Saturday,2,3,success
JOB3476,207,116198,54,280,Sunday,2,4,success
JOB5625,106,120478,21,532,Saturday,0,2,success
JOB2757,551,115643,52,451,Friday,4,3,success
JOB7219,461,82962,102,1270,Wednesday,5,2,fail
JOB3387,526,10373,92,305,Thursday,4,4,fail
JOB8547,180,66753,54,1202,Sunday,5,2,success
JOB5312,51,14998,85,1016,Tuesday,1,4,success
JOB3719,539,22928,100,1280,Thursday,3,4,fail
JOB9356,395,145461,100,1507,Friday,2,2,success
JOB9438,314,15985,31,961,Monday,5,3,success
JOB2180,508,31635,101,1761,Saturday,1,1,fail
JOB5072,112,125913,60,1369,Tuesday,5,2,success
JOB9047,158,50812,107,682,Tuesday,4,4,success
JOB5986,34,46689,39,642,Wednesday,2,2,success
JOB1147,423,125222,51,1166,Sunday,0,1,success
JOB8571,531,110875,38,448,Tuesday,3,0,success
JOB9847,484,66168,111,1754,Monday,1,3,fail
JOB8924,331,8396,65,1591,Tuesday,2,3,success
JOB3324,232,103266,92,859,Tuesday,4,4,success
JOB9093,64,17773,30,1608,Sunday,4,3,success
JOB3168,451,143170,40,1492,Thursday,0,1,success
JOB8094,551,84620,116,350,Wednesday,4,0,success
JOB5680,68,86064,102,389,Wednesday,1,2,success
JOB6682,486,18159,100,1687,Saturday,3,3,fail
JOB3980,554,29035,68,2026,Wednesday,0,4,fail
JOB4445,135,96748,71,607,Friday,3,0,success
JOB1273,542,89583,49,1600,Wednesday,3,4,fail
JOB4253,75,52555,25,1733,Saturday,2,3,success
JOB1698,375,76835,69,363,Tuesday,2,3,success
JOB1435,374,36018,29,1939,Sunday,5,4,fail
JOB1473,363,40157,96,1643,Saturday,5,4,fail
JOB4931,67,138813,35,1938,Monday,4,3,success
JOB6987,25,70997,32,1421,Monday,4,1,success
JOB2039,518,39585,71,1642,Thursday,1,3,success
JOB8276,420,110200,70,1516,Saturday,2,0,success
JOB5209,340,68910,72,1402,Saturday,1,0,success
JOB6269,268,148217,76,1289,Thursday,3,0,success
JOB3137,281,54570,21,2042,Thursday,2,3,success
JOB9814,153,75392,81,463,Monday,2,1,success
JOB2008,104,21578,118,806,Tuesday,2,0,success
JOB1331,232,106483,71,291,Wednesday,4,1,success
JOB5643,22,9659,44,797,Friday,3,0,success
JOB6393,54,35341,107,1898,Saturday,0,3,success
JOB5873,140,16184,67,1169,Tuesday,0,4,success
JOB8804,335,91537,80,1161,Thursday,0,1,success
JOB7865,456,52950,35,563,Monday,3,2,success
JOB3715,84,84878,34,687,Friday,2,1,success
JOB1105,506,121785,82,1530,Friday,4,0,success
JOB4220,61,143436,66,1822,Thursday,0,4,success
JOB4045,157,80569,95,753,Tuesday,3,0,success
JOB1117,383,56488,106,430,Tuesday,2,4,success
JOB5191,323,72056,91,1875,Monday,1,1,fail
JOB1771,147,126992,89,1120,Thursday,2,1,success
JOB5010,516,62519,106,337,Sunday,1,3,success
JOB4467,81,127843,51,954,Tuesday,5,1,success
JOB8403,200,126466,75,310,Saturday,4,4,success
JOB6618,463,84897,48,1891,Monday,1,0,fail
JOB8262,499,83836,95,1084,Tuesday,3,3,success
JOB9614,454,25328,34,1018,Thursday,0,4,success
JOB7253,445,4164,116,1823,Monday,2,3,fail
JOB7144,307,39633,93,1730,Wednesday,5,0,fail
JOB8498,195,20761,106,720,Monday,0,2,success
JOB5257,216,36033,71,1820,Sunday,0,1,success
JOB2937,495,51208,104,590,Friday,4,2,success
JOB6051,508,125010,74,1009,Thursday,4,3,success
JOB7270,416,119526,46,1023,Saturday,5,4,fail
JOB1187,474,29208,57,852,Thursday,0,3,success
JOB3048,427,24630,110,1882,Friday,4,2,fail
JOB5168,15,777,55,1810,Thursday,5,3,success
JOB7238,510,16007,24,1549,Friday,3,1,success
JOB4658,67,59993,112,478,Friday,3,1,success
JOB2796,479,58694,68,1266,Sunday,0,0,success
JOB1557,387,24750,117,1026,Saturday,5,2,success
JOB8191,253,3294,97,1345,Friday,1,3,success
JOB2413,474,61098,95,862,Thursday,2,2,success
JOB4886,190,134806,40,1693,Monday,5,3,fail
JOB4494,120,145604,83,382,Tuesday,0,4,success
JOB3521,314,78443,38,1979,Sunday,1,3,success
JOB9027,109,117426,35,1480,Monday,2,0,success
JOB2672,406,68556,86,1930,Saturday,5,1,fail
JOB4150,564,136696,41,1815,Thursday,4,0,success
JOB1369,252,14229,50,418,Friday,0,1,success
JOB8716,456,73996,71,824,Wednesday,3,3,success
JOB2674,523,124470,115,1861,Wednesday,5,1,fail
JOB1488,261,130952,98,1242,Sunday,1,0,success
JOB8920,248,102519,69,602,Friday,2,1,success
JOB1376,65,83815,44,1979,Sunday,2,3,success
JOB8593,328,82060,82,1012,Sunday,2,3,success
JOB9990,259,40185,99,780,Wednesday,2,4,success
JOB3722,434,33548,61,1920,Saturday,0,1,success
JOB5478,259,73151,59,353,Saturday,4,2,success
JOB3797,383,3095,93,843,Friday,2,1,success
JOB4760,132,30940,113,682,Wednesday,5,3,success
JOB4144,235,126175,64,1205,Thursday,1,4,success
JOB7731,341,9332,118,645,Monday,1,2,success
JOB8937,557,123251,29,1234,Friday,3,2,success
JOB5642,326,96101,37,1038,Thursday,1,0,success
JOB6927,425,99569,31,792,Saturday,0,4,success
JOB3143,101,82549,27,1840,Friday,4,0,success
JOB6116,96,143245,85,426,Friday,3,1,success
JOB6624,440,34693,76,453,Thursday,3,1,success
JOB2122,58,112138,48,1627,Thursday,5,4,fail
JOB1867,410,81898,34,1956,Tuesday,4,1,success
JOB4023,435,121428,104,2039,Friday,5,3,fail
JOB9285,344,91601,35,1167,Friday,3,1,success
JOB2233,544,124834,60,1079,Monday,2,1,success
JOB8376,58,80335,59,1350,Sunday,4,2,success
JOB5195,309,135760,97,665,Friday,1,2,success
JOB8718,311,128867,72,1148,Saturday,1,1,success
JOB2894,104,138759,92,443,Saturday,1,2,success
JOB6189,401,95113,99,1166,Wednesday,3,1,success
JOB3642,116,136887,119,1099,Wednesday,0,0,success
JOB6387,409,61898,117,989,Wednesday,4,0,success
JOB5554,567,41047,44,403,Thursday,5,0,success
JOB5974,340,100606,90,836,Monday,5,2,success
JOB3922,215,2851,50,1013,Friday,0,1,success
JOB9547,451,123533,115,1955,Wednesday,4,4,fail
JOB9068,250,53011,93,1444,Tuesday,2,4,success
JOB2882,237,35734,84,526,Tuesday,1,2,success
JOB7239,179,147094,27,310,Friday,1,4,success
JOB1493,182,13705,39,824,Wednesday,5,2,success
JOB4655,67,75505,24,1553,Friday,2,3,success
JOB8617,251,139568,74,851,Monday,2,2,success
JOB8114,57,44357,104,1117,Saturday,0,2,success
JOB2762,41,130055,73,1742,Monday,5,2,fail
JOB2301,189,119754,29,1975,Tuesday,1,3,success
JOB4280,343,86933,51,1672,Monday,5,4,fail
JOB9053,494,101475,36,514,Wednesday,0,4,success
JOB8368,483,65630,39,460,Tuesday,0,2,success
JOB1630,447,108532,79,690,Monday,2,0,success
JOB6178,505,26599,39,1407,Tuesday,0,0,success
JOB2127,194,99259,65,334,Friday,0,0,success
JOB4187,189,27708,69,894,Friday,2,1,success
JOB8114,205,82291,85,1504,Friday,3,3,success
JOB2128,586,115173,91,1165,Monday,5,2,fail
JOB4844,70,68155,50,258,Monday,0,2,success
JOB9308,153,131038,90,899,Monday,5,1,success
JOB8716,260,124313,72,847,Saturday,5,1,success
JOB8600,397,3112,107,1440,Thursday,1,3,success
JOB5849,151,123232,59,1309,Saturday,2,3,success
JOB6248,431,66438,78,911,Friday,2,3,success
JOB1035,522,81120,51,1866,Saturday,0,2,success
JOB1926,293,68586,86,1455,Sunday,0,3,success
JOB1673,495,91085,64,1768,Friday,4,3,success
JOB5458,127,118299,43,1876,Wednesday,5,0,success
JOB2496,64,142045,32,1750,Thursday,5,3,success
JOB4124,278,61721,40,1382,Sunday,4,1,success
JOB9030,311,98649,34,311,Friday,2,4,success
JOB9502,356,40652,113,1882,Wednesday,2,3,success
JOB1428,66,1905,32,1849,Friday,4,4,success
JOB1737,297,77564,102,1734,Sunday,0,1,success
JOB7295,45,137624,94,559,Thursday,3,4,success
JOB5813,374,80342,29,954,Monday,0,2,success
JOB2779,57,16628,104,1385,Sunday,2,1,success
JOB5446,450,66742,98,846,Tuesday,5,4,fail
JOB1021,408,105433,112,1986,Wednesday,4,0,fail
JOB3637,327,99785,60,1150,Friday,1,4,success
JOB8600,179,84824,49,865,Monday,1,3,success
JOB3226,412,91279,113,1108,Thursday,4,0,success
JOB3321,447,139637,43,1761,Saturday,1,2,success
JOB8031,370,102510,31,1153,Tuesday,0,3,success
JOB4002,340,92039,25,413,Thursday,4,3,success
JOB4069,198,68319,59,1148,Tuesday,1,0,success
JOB6454,12,148595,107,488,Thursday,4,1,success
JOB3980,542,41105,115,405,Saturday,3,4,fail
JOB5414,361,64385,58,2036,Saturday,2,4,success
JOB5393,422,102495,20,1424,Friday,5,0,success
JOB7039,235,126018,45,1821,Friday,4,2,success
JOB2728,255,109023,92,790,Monday,4,0,success
JOB6031,149,113226,92,454,Wednesday,1,1,success
JOB6089,246,19373,28,1142,Saturday,4,4,success
JOB8082,298,2221,41,606,Monday,2,3,success
JOB6406,224,86850,45,944,Wednesday,0,2,success
JOB7910,455,16861,75,773,Sunday,2,3,success
JOB6881,216,96934,69,1826,Saturday,2,2,success
JOB8403,485,125879,88,1682,Wednesday,3,0,success
JOB5364,298,79989,112,680,Wednesday,2,4,success
JOB2286,92,30228,28,649,Monday,5,0,success
JOB1029,429,15029,98,1896,Sunday,5,1,fail
JOB9801,353,20729,115,416,Saturday,2,0,success
JOB2949,361,8526,87,1863,Friday,1,4,success
JOB2605,485,38046,86,485,Friday,2,4,success
JOB7230,598,5280,101,673,Friday,2,4,fail
JOB7967,137,144796,22,1775,Wednesday,0,3,success
JOB5980,370,33751,45,1755,Sunday,0,0,success
JOB5744,218,132912,49,983,Monday,1,3,success
JOB7926,551,106901,58,1044,Friday,1,1,success
JOB4471,459,114685,85,1377,Sunday,3,1,success
JOB8390,336,120041,100,1944,Monday,1,4,fail
JOB7060,427,2846,101,1102,Sunday,4,2,success
JOB4337,98,36998,41,1829,Saturday,3,2,success
JOB9559,598,106593,79,1820,Saturday,4,4,fail
JOB6337,213,28130,114,565,Wednesday,1,1,success
JOB5366,212,58379,102,771,Thursday,1,2,success
JOB2517,176,60201,70,1652,Saturday,1,4,success
JOB9444,477,121197,49,1497,Saturday,0,2,success
JOB6707,258,43717,78,316,Saturday,0,0,success
JOB1378,52,11299,42,1625,Friday,5,4,fail
JOB3790,100,131925,51,1468,Friday,1,4,success
JOB7315,475,86092,27,1020,Monday,0,2,success
JOB7212,451,57523,118,855,Saturday,4,0,success
JOB3580,78,84246,64,1254,Saturday,1,1,success
JOB2497,188,80472,70,1866,Sunday,3,3,success
JOB9433,27,47795,96,1660,Friday,0,0,success
JOB1818,139,38695,29,502,Sunday,2,3,success
JOB7775,129,34314,98,432,Thursday,0,3,success
JOB2859,397,133804,40,1916,Saturday,3,3,success
JOB8932,123,84624,97,1600,Saturday,5,0,fail
JOB9664,521,13186,119,1135,Thursday,0,0,success
JOB7016,77,30068,24,739,Sunday,2,4,success
JOB5699,454,129006,40,1908,Monday,2,0,fail
JOB3690,595,45915,80,1793,Saturday,2,2,success
JOB5654,175,124604,90,1279,Thursday,5,1,success
JOB6957,364,143049,75,1241,Sunday,3,0,success
JOB6151,509,47519,52,2009,Thursday,4,2,success
JOB8419,352,99456,97,403,Thursday,5,1,success
JOB5218,21,81576,94,843,Thursday,4,0,success
JOB4819,426,149200,86,1858,Monday,3,3,fail
JOB2304,141,58417,42,714,Thursday,3,2,success
JOB2280,545,7171,44,1342,Thursday,3,2,success
JOB7147,518,111283,89,1016,Friday,5,1,success
JOB9298,464,139083,80,1515,Thursday,4,2,success
JOB5373,54,133662,27,2017,Sunday,2,2,success
JOB5340,173,11273,28,1391,Sunday,3,0,success
JOB8735,560,91282,75,1149,Monday,3,0,success
JOB2953,532,70898,80,899,Monday,5,3,fail
JOB7536,103,17974,89,1464,Monday,4,3,success
JOB5344,348,50935,63,1595,Friday,3,1,success
JOB4675,386,90543,48,2022,Monday,2,0,success
JOB6518,591,51878,91,1951,Sunday,5,4,fail
JOB6332,463,40371,104,1335,Sunday,5,3,fail
JOB1276,23,95553,21,1346,Monday,3,0,success
JOB4367,330,43862,108,1903,Saturday,2,1,success
JOB2858,567,141322,36,1140,Thursday,5,1,success
JOB9645,152,137552,71,1987,Tuesday,4,0,success
JOB4808,468,143220,58,421,Saturday,3,4,success
JOB3938,83,46550,91,1440,Sunday,5,4,fail
JOB7601,235,78938,96,2037,Monday,2,4,fail
JOB9126,48,47725,64,2000,Saturday,2,2,success
JOB7051,467,49644,92,1999,Tuesday,4,1,fail
JOB5790,393,47578,112,1331,Monday,1,2,success
JOB9141,320,47083,78,1215,Thursday,3,2,success
JOB3116,161,118201,102,288,Monday,0,2,success
JOB7200,433,104361,92,1553,Tuesday,3,4,fail
JOB5843,450,62870,49,1485,Monday,1,4,fail
JOB4796,395,64894,103,1740,Sunday,0,0,success
JOB4345,168,21794,98,1139,Thursday,4,0,success
JOB6906,272,137757,48,1634,Wednesday,2,1,success
JOB3431,365,35058,79,1526,Saturday,4,3,success
JOB6146,502,1945,60,1220,Friday,2,1,success
JOB1455,418,127282,21,1939,Sunday,2,2,success
JOB7201,286,148949,40,1773,Tuesday,0,3,success
JOB4352,595,14164,60,1299,Tuesday,1,4,success
JOB3479,334,28327,22,791,Tuesday,4,2,success
JOB4171,80,77510,68,1121,Thursday,0,4,success
JOB3342,406,86784,107,1450,Wednesday,1,2,success
JOB2435,206,14429,113,2035,Friday,2,4,fail
JOB8068,146,71577,43,437,Saturday,2,2,success
JOB1216,522,113539,67,575,Monday,3,4,fail
JOB8816,94,85426,104,1467,Friday,0,3,success
JOB5658,304,60080,112,453,Wednesday,2,0,success
JOB2072,332,81396,72,2015,Thursday,4,1,success
JOB5464,110,103055,84,1664,Wednesday,1,0,success
JOB3978,535,145542,34,561,Tuesday,0,0,success
JOB3325,185,79022,42,2036,Tuesday,0,1,success
JOB6593,21,112007,86,615,Saturday,1,1,success
JOB9252,364,121248,21,1852,Monday,5,4,fail
JOB3591,13,104898,63,393,Sunday,4,4,success
JOB9892,19,22144,42,522,Saturday,0,0,success
JOB9048,354,95398,22,1194,Thursday,0,0,success
JOB5345,350,2702,35,1581,Thursday,2,1,success
JOB2249,589,49279,112,1491,Tuesday,5,0,fail
JOB3435,57,13231,100,1053,Saturday,5,3,success
JOB2552,203,107891,103,1844,Monday,4,3,fail
JOB8443,360,142639,36,969,Friday,3,3,success
JOB3642,557,126063,95,1088,Friday,0,0,success
JOB7436,263,4255,82,382,Wednesday,4,1,success
JOB8726,395,62988,111,1075,Wednesday,4,4,success
JOB8897,12,55302,65,1634,Friday,3,4,success
JOB6930,301,90102,99,866,Wednesday,0,2,success
JOB7254,127,131960,34,1615,Saturday,5,3,success
JOB5585,597,61612,30,388,Sunday,1,0,success
JOB8046,456,36781,107,1138,Saturday,1,0,success
JOB4356,540,25296,38,638,Sunday,3,0,success
JOB4009,19,5887,35,1205,Friday,4,0,success
JOB1699,227,121643,105,1552,Thursday,0,3,success
JOB3622,254,80434,29,1538,Saturday,5,0,success
JOB3908,217,91632,68,1811,Monday,3,0,success
JOB1044,179,123312,99,1734,Saturday,2,2,success
JOB3749,585,81011,28,1818,Sunday,0,0,success
JOB1211,178,62987,28,1376,Wednesday,4,0,success
JOB8647,19,13652,27,1661,Thursday,3,2,success
JOB8117,240,101947,35,719,Wednesday,5,4,success
JOB1645,393,78723,116,966,Friday,4,1,success
JOB3515,594,116511,80,1685,Saturday,3,2,success
JOB2693,480,41098,106,554,Tuesday,1,2,success
JOB3883,224,116946,40,298,Sunday,4,2,success
JOB6168,193,105422,37,1903,Thursday,3,3,success
JOB4286,196,20166,82,863,Thursday,4,2,success
JOB9399,539,118294,30,273,Saturday,3,0,success
JOB6859,581,52435,62,1649,Friday,1,3,success
JOB6750,31,144222,28,332,Tuesday,1,1,success
JOB3300,409,64962,48,1822,Tuesday,1,0,success
JOB4315,408,137156,63,1990,Thursday,5,2,fail
JOB6525,92,136256,47,2044,Tuesday,2,1,success
JOB8057,451,126806,33,1560,Sunday,5,2,fail
JOB9925,485,91090,20,1525,Tuesday,0,3,success
JOB8837,159,114958,101,1800,Saturday,0,3,success
JOB3426,285,119929,85,1640,Saturday,5,0,success
JOB9141,509,97969,41,565,Sunday,2,0,success
JOB9010,105,50137,50,933,Wednesday,2,1,success
JOB2721,191,112212,34,936,Wednesday,3,3,success
JOB3258,136,80001,101,901,Thursday,3,2,success
JOB3118,456,84248,39,637,Friday,4,0,success
JOB9730,145,28666,26,763,Wednesday,1,1,success
JOB4129,493,24640,24,1816,Sunday,5,0,fail
JOB1814,223,61853,22,1326,Saturday,5,3,success
JOB9145,133,59350,118,717,Sunday,3,4,success
JOB3063,430,100982,74,1634,Sunday,4,2,success
JOB2091,237,134121,72,816,Sunday,4,0,success
JOB3714,90,22424,29,1404,Saturday,5,3,success
JOB7209,48,129689,38,324,Sunday,0,1,success
JOB2868,81,28178,76,1678,Thursday,2,2,success
JOB8931,380,71964,81,1653,Saturday,2,2,success
JOB1812,414,44117,93,1512,Friday,0,2,fail
JOB3399,170,107606,98,1061,Sunday,5,1,success
JOB9584,93,95280,101,1162,Monday,5,3,fail
JOB5441,128,24083,33,537,Monday,3,2,success
JOB4916,456,145306,115,442,Saturday,4,2,success
JOB4314,596,30275,68,390,Thursday,5,0,success
JOB1140,483,21361,111,427,Sunday,3,1,success
JOB3248,191,13925,54,1149,Saturday,3,0,success
JOB3573,48,5383,78,1852,Thursday,4,1,success
JOB9726,194,34142,22,945,Monday,0,0,success
JOB3975,418,41199,27,1325,Wednesday,2,4,success
JOB7983,583,40533,75,1740,Sunday,3,1,success
JOB5205,193,17285,65,351,Friday,2,3,success
JOB7531,354,148499,44,733,Friday,5,0,success
JOB2584,144,56804,112,1046,Friday,4,0,success
JOB7895,454,52649,82,1128,Tuesday,2,2,success
JOB3543,469,101636,72,1403,Saturday,3,0,success
JOB5889,317,119117,50,1334,Wednesday,4,2,success
JOB8361,229,77429,78,565,Monday,5,2,success
JOB6305,452,137651,110,847,Sunday,2,4,fail
JOB5926,322,108996,62,1880,Wednesday,1,4,success
JOB1555,445,67603,86,1410,Friday,4,3,success
JOB3406,528,98903,33,292,Saturday,0,0,success
JOB1583,347,36515,88,1912,Monday,2,1,success
JOB6618,80,27253,33,1803,Wednesday,0,4,success
JOB5320,266,114418,95,907,Thursday,1,1,success
JOB9798,548,68382,56,482,Sunday,2,0,success
JOB3801,384,67872,33,788,Wednesday,1,4,success
JOB2802,492,20181,69,1746,Wednesday,1,4,fail
JOB9848,420,36395,80,665,Friday,0,0,success
JOB2272,415,89299,37,671,Thursday,5,1,success
JOB5581,162,81813,59,721,Friday,5,1,success
JOB2134,555,44016,37,1315,Wednesday,3,1,success
JOB1346,481,109816,94,933,Wednesday,3,1,success
JOB5944,284,133909,72,517,Friday,0,0,success
JOB3224,568,38985,103,780,Friday,2,0,success
JOB9496,573,57513,86,1524,Monday,0,2,fail
JOB1968,593,116982,111,515,Friday,1,3,success
JOB5829,534,38090,114,1588,Saturday,0,2,fail
JOB5915,298,73543,20,1436,Friday,2,3,success
JOB1446,573,15934,63,1738,Monday,2,1,fail
JOB3357,451,100389,99,1141,Tuesday,0,1,success
JOB9207,457,91314,93,621,Thursday,4,4,fail
JOB8784,51,33638,88,1740,Friday,1,0,success
JOB7757,587,110430,104,692,Saturday,0,0,success
JOB9250,295,126019,59,1780,Sunday,4,0,success
JOB2158,555,56769,84,1529,Sunday,3,4,fail
JOB9203,258,25243,70,1306,Tuesday,1,4,success
JOB3798,144,108258,119,641,Friday,5,0,success
JOB7935,284,27150,34,954,Wednesday,5,2,success
JOB8603,563,78911,93,1789,Sunday,0,1,fail
JOB1003,162,132323,116,1628,Wednesday,0,3,success
JOB9375,544,30504,102,1153,Saturday,1,0,success
JOB7005,36,5258,80,1791,Sunday,5,3,success
JOB2559,533,79031,31,855,Thursday,4,1,success
JOB4845,157,59588,105,1021,Wednesday,1,1,success
JOB4273,217,137213,48,474,Monday,1,1,success
JOB5097,114,82038,68,1604,Tuesday,5,1,success
JOB4987,85,135052,61,1416,Friday,4,0,success
JOB7029,209,98909,26,481,Thursday,1,0,success
JOB7831,553,138620,45,635,Thursday,4,1,success
JOB1321,534,123839,85,1046,Sunday,1,1,success
JOB6243,260,6130,62,1582,Friday,2,0,success
JOB9050,40,101975,26,1074,Tuesday,5,1,success
JOB7994,202,93317,57,1599,Thursday,0,4,success
JOB1051,361,144822,95,752,Thursday,1,4,success
JOB3674,492,70785,99,1844,Tuesday,5,4,fail
JOB6193,268,50631,106,1398,Wednesday,4,2,success
JOB5808,38,73656,69,1402,Tuesday,1,1,success
JOB1642,324,115111,90,1395,Friday,2,2,success
JOB3399,184,130708,23,556,Sunday,2,0,success
JOB7051,274,137772,91,1094,Friday,0,2,success
JOB9312,308,5239,52,1873,Wednesday,4,0,success
JOB5421,206,124689,39,1293,Wednesday,1,3,success
JOB6158,186,56943,78,477,Saturday,1,1,success
JOB2560,126,4534,56,709,Sunday,5,1,success
JOB5164,316,139956,99,1745,Wednesday,4,0,success
JOB5144,553,87995,55,1468,Monday,5,1,fail
JOB9601,260,15271,47,885,Monday,0,2,success
JOB4459,175,33413,68,808,Sunday,0,2,success
JOB9621,354,114881,55,406,Tuesday,0,0,success
JOB3226,560,18064,36,439,Thursday,1,2,success
JOB7057,296,47555,79,279,Thursday,0,2,success
JOB7965,42,111542,103,1354,Tuesday,1,1,success
JOB6092,101,9403,23,1472,Friday,4,3,success
JOB4100,459,42704,86,294,Saturday,4,4,success
JOB9807,518,67735,45,656,Thursday,1,4,success
JOB2298,121,66129,26,1577,Thursday,0,4,success
JOB1300,164,3186,20,1010,Monday,2,2,success
JOB5821,565,122453,94,1454,Thursday,3,4,fail
JOB5987,347,55677,106,850,Thursday,0,4,success
JOB1731,305,124101,66,1007,Wednesday,1,4,success
JOB8735,347,53733,48,754,Tuesday,0,3,success
JOB7713,358,54514,50,1389,Thursday,1,2,success
JOB3177,495,70190,50,633,Wednesday,4,4,success
JOB8628,266,130350,63,1247,Saturday,2,0,success
JOB3330,553,139651,108,560,Tuesday,5,1,fail
JOB3989,322,62880,111,970,Monday,0,3,success
JOB1477,264,130313,85,1881,Thursday,4,4,success
JOB5638,424,112928,113,758,Wednesday,3,3,success
JOB3315,142,2448,72,1341,Friday,1,3,success
JOB9837,35,7667,36,1925,Wednesday,1,1,success
JOB4562,238,29830,84,1894,Thursday,1,2,success
JOB3695,471,126202,58,788,Friday,1,1,success
JOB7860,581,136509,25,905,Friday,2,2,success
JOB8536,570,75368,106,474,Thursday,2,4,fail
JOB7377,34,12660,94,1325,Thursday,0,1,success
JOB2577,139,56997,103,1575,Friday,1,2,success
JOB8065,127,76222,97,828,Friday,0,2,success
JOB7639,410,89792,23,1789,Saturday,3,3,success
JOB3674,294,86507,67,1994,Sunday,0,0,success
JOB8522,332,82261,105,1642,Wednesday,4,2,success
JOB9237,86,58434,57,406,Tuesday,2,3,success
JOB8257,470,144182,116,1082,Tuesday,2,0,success
JOB2090,48,62571,74,1373,Sunday,4,1,success
JOB2519,270,86220,47,283,Monday,4,4,success
JOB3534,224,15890,57,1120,Friday,5,2,success
JOB9461,321,174,113,1021,Thursday,1,2,success
JOB2137,294,53722,97,2037,Monday,3,2,fail
JOB9764,337,67516,107,791,Tuesday,0,4,success
JOB8402,448,37687,100,279,Monday,1,2,fail
JOB2359,86,84821,53,1343,Friday,1,4,success
JOB4791,328,110904,80,1675,Thursday,5,4,fail
JOB8873,117,139660,97,1279,Wednesday,2,4,success
JOB5570,279,45593,44,1828,Sunday,2,3,success
JOB5632,181,147960,90,627,Monday,3,1,success
JOB9709,494,53802,42,1767,Tuesday,2,0,success
JOB6835,381,141601,63,1174,Sunday,1,0,success
JOB5294,552,25855,64,361,Sunday,3,3,success
JOB5419,471,105722,35,739,Monday,5,1,fail
JOB9978,565,111587,73,1173,Friday,1,1,success
JOB3515,304,8466,44,1812,Monday,5,4,fail
JOB5089,370,93882,36,321,Thursday,0,4,success
JOB2938,396,44398,49,958,Tuesday,4,2,success
JOB7991,562,68953,91,428,Monday,4,4,fail
JOB6468,363,115101,69,1857,Monday,0,2,success
JOB9492,334,50573,104,1824,Tuesday,5,2,fail
JOB6664,509,38233,82,945,Wednesday,0,4,success
JOB5212,185,6128,79,911,Saturday,0,0,success
JOB5680,364,121503,45,758,Monday,1,1,success
JOB4382,175,11903,87,1215,Sunday,5,2,success
JOB1718,360,126347,40,1296,Saturday,3,1,success
JOB8588,11,90140,20,869,Monday,0,1,success
JOB3329,270,59871,56,279,Monday,4,1,success
JOB1895,386,27149,103,330,Tuesday,2,2,success
JOB8680,294,5343,119,1863,Monday,4,4,fail
JOB6538,324,59819,47,1188,Saturday,2,0,success
JOB6972,56,39679,36,1813,Saturday,2,4,success
JOB2446,306,134991,111,471,Tuesday,3,4,success
JOB3856,592,78529,103,1692,Thursday,3,3,fail
JOB7815,95,43702,74,739,Monday,0,2,success
JOB5514,266,84609,25,541,Sunday,2,1,success
JOB8496,118,42971,20,865,Tuesday,1,2,success
JOB2332,387,33800,104,1819,Tuesday,5,3,fail
JOB6256,302,72811,93,928,Thursday,5,1,success
JOB6394,140,25791,22,295,Friday,0,4,success
JOB2002,458,113485,58,794,Tuesday,0,4,success
JOB3185,295,132312,94,1916,Friday,3,3,success
JOB6181,140,3491,55,871,Wednesday,2,3,success
JOB4084,328,94100,93,831,Thursday,3,2,success
JOB7023,347,4313,44,1231,Saturday,5,3,success
JOB7078,214,122676,40,1352,Monday,1,2,success
JOB2679,386,43998,105,1805,Monday,0,4,fail
JOB1727,415,57540,102,915,Friday,5,1,fail
JOB1499,129,129666,31,518,Friday,2,4,success
JOB1048,511,83053,44,1060,Tuesday,2,3,success
JOB4812,289,141136,36,1876,Sunday,5,4,fail
JOB4640,97,58188,87,1707,Sunday,4,2,success
JOB3830,240,78343,114,1299,Wednesday,4,4,success
JOB6628,249,53541,37,1150,Wednesday,3,0,success
JOB8892,120,16586,45,637,Saturday,2,2,success
JOB7376,514,147211,21,866,Friday,5,3,success
JOB3876,362,149548,59,1174,Friday,4,3,success
JOB2652,501,55735,40,1332,Friday,2,1,success
JOB8021,218,13240,111,372,Saturday,5,2,success
JOB7917,282,52102,48,391,Monday,1,0,success
JOB5168,32,78079,63,544,Thursday,5,1,success
JOB9277,201,24889,97,1390,Tuesday,1,1,success
JOB5220,309,103765,95,671,Monday,2,2,success
JOB9173,598,38727,116,696,Sunday,3,4,fail
JOB8936,78,68686,56,889,Monday,4,2,success
JOB7410,182,90047,116,1264,Sunday,2,0,success
JOB5285,338,99949,116,1503,Sunday,3,2,success
JOB2815,85,36492,67,304,Thursday,4,1,success
JOB2640,418,142700,35,1545,Monday,1,4,fail
JOB8408,455,82221,89,547,Saturday,2,1,success
JOB4418,295,70157,111,359,Thursday,4,2,success
JOB1706,202,97056,94,1913,Sunday,3,0,success
JOB8260,191,74478,25,451,Monday,3,0,success
JOB9792,393,129559,71,806,Wednesday,5,4,success
JOB3064,23,99736,92,1519,Saturday,0,1,success
JOB9535,468,99611,56,446,Monday,0,4,fail
JOB4027,349,59281,75,1658,Saturday,3,3,success
JOB1060,388,35808,67,671,Wednesday,1,2,success
JOB6765,560,37551,66,1881,Thursday,2,4,fail
JOB4901,228,76783,52,1357,Thursday,4,1,success
JOB3025,529,6285,59,923,Thursday,1,3,success
JOB1244,60,110794,116,1281,Wednesday,2,4,success
JOB7540,364,105462,68,1098,Saturday,0,1,success
JOB7258,524,49856,38,1769,Wednesday,4,1,success
JOB7578,102,144769,109,1655,Tuesday,4,4,fail
JOB6836,327,22823,57,1786,Friday,2,2,success
JOB5882,410,78893,93,1561,Monday,5,0,fail
JOB7131,530,104926,72,672,Sunday,4,0,success
JOB8143,346,91745,61,1647,Tuesday,3,1,success
JOB8101,242,119557,105,587,Saturday,3,4,success
JOB1991,147,123489,34,1652,Monday,0,4,fail
JOB7359,394,92764,27,1761,Thursday,0,0,success
JOB1610,24,86158,76,1148,Saturday,5,4,success
JOB9577,265,18214,113,1288,Tuesday,1,0,success
JOB2005,124,78386,26,1171,Sunday,5,3,success
JOB7767,388,32249,23,1100,Wednesday,3,4,success
JOB7554,443,18215,38,742,Friday,4,4,success
JOB2524,429,29001,38,775,Sunday,2,2,success
JOB8440,511,19350,92,1094,Saturday,1,3,success
JOB4642,208,63846,71,1475,Monday,1,0,success
JOB5873,404,90475,36,1621,Wednesday,0,4,fail
JOB9813,91,95611,109,337,Tuesday,1,3,success
JOB9990,385,109342,22,782,Monday,3,2,success
JOB1121,211,98935,53,1530,Sunday,3,4,success
JOB5007,475,120629,59,576,Tuesday,1,3,success
JOB7950,505,108572,38,873,Friday,1,2,success
JOB4464,60,102740,101,861,Friday,0,1,success
JOB3308,278,94431,59,1381,Sunday,1,0,success
JOB6128,132,92821,93,1731,Sunday,1,3,success
JOB4470,377,100270,38,1454,Friday,1,3,success
JOB4496,366,142445,62,765,Sunday,4,2,success
JOB5618,573,137153,76,1060,Monday,1,4,fail
JOB4665,274,133928,20,706,Sunday,0,3,success
JOB5820,58,49151,43,1202,Saturday,5,0,success
JOB4623,513,126099,37,882,Tuesday,0,4,success
JOB1300,65,69522,106,690,Sunday,3,1,success
JOB4292,242,95901,21,285,Sunday,0,3,success
JOB8475,351,77554,70,1154,Monday,1,4,success
JOB1737,527,145898,37,437,Thursday,4,1,success
JOB2553,548,16446,65,458,Friday,0,4,success
JOB9006,370,93256,85,1212,Thursday,3,4,success
JOB8486,330,36215,64,803,Monday,1,0,success
JOB2911,333,147536,84,1052,Saturday,2,0,success
JOB2282,485,30335,99,803,Tuesday,1,4,fail
JOB1896,479,29543,28,1084,Saturday,4,4,success
JOB4784,211,101415,52,311,Friday,2,0,success
JOB4061,248,123894,90,2041,Tuesday,0,4,success
JOB1993,318,140698,54,2008,Tuesday,0,4,success
JOB1289,445,75404,80,1145,Wednesday,5,4,fail
JOB1025,313,117113,59,1319,Sunday,1,3,success
JOB8787,442,40996,46,1735,Tuesday,3,1,success
JOB3401,475,20994,25,1464,Monday,1,2,success
JOB6088,317,103440,91,727,Friday,1,3,success
JOB2012,480,149181,93,1085,Monday,0,1,fail
JOB5678,390,115213,48,1562,Thursday,5,1,success
JOB2858,364,116870,59,1424,Thursday,4,2,success
JOB2408,593,2058,39,525,Saturday,4,2,success
JOB4888,386,60772,37,1006,Wednesday,1,4,success
JOB5926,274,79646,54,1930,Friday,5,3,success
JOB5775,229,71891,87,661,Friday,0,1,success
JOB1882,557,92867,22,1590,Thursday,2,2,success
JOB2447,249,78107,114,683,Saturday,5,3,success
JOB5660,428,128028,33,1034,Monday,4,4,fail
JOB5914,66,24543,60,1133,Monday,5,3,success
JOB3381,299,4139,53,627,Tuesday,0,3,success
JOB1979,483,102322,45,533,Sunday,5,3,success
JOB4357,330,62972,57,1564,Tuesday,1,2,success
JOB1974,480,28825,66,1549,Wednesday,3,3,success
JOB6818,354,148367,69,1536,Sunday,2,4,success
JOB1979,475,142552,73,978,Monday,0,2,success
JOB6470,207,74983,45,1867,Wednesday,5,2,success
JOB9124,245,65585,78,770,Friday,4,1,success
JOB5600,145,4411,107,1956,Monday,4,1,fail
JOB4478,588,81425,95,1634,Tuesday,4,0,fail
JOB3126,332,142648,34,272,Saturday,3,4,success
JOB1222,199,138702,26,289,Sunday,4,1,success
JOB2595,92,121923,59,794,Tuesday,5,0,success
JOB1519,406,58021,27,454,Sunday,0,2,success
JOB6668,504,18936,96,503,Saturday,0,4,fail
JOB6823,438,23701,36,1121,Sunday,3,2,success
JOB9727,409,74027,49,971,Thursday,2,2,success
JOB7787,208,84806,22,730,Tuesday,1,0,success
JOB4009,259,62725,75,1815,Monday,3,3,success
JOB6093,509,148125,63,1084,Monday,1,1,success
JOB8044,51,138813,89,1067,Monday,1,0,success
JOB5911,346,90297,82,441,Monday,0,2,success
JOB4850,146,7919,57,1063,Thursday,5,0,success
JOB8503,98,121879,73,447,Wednesday,5,3,success
JOB6604,137,9670,109,1266,Tuesday,1,0,success
JOB9620,78,114349,23,1882,Wednesday,3,1,success
JOB9167,481,88990,107,356,Saturday,4,1,success
JOB2048,158,56179,25,833,Tuesday,4,1,success
JOB8843,517,85374,97,1109,Sunday,4,3,success
JOB3933,380,137306,110,353,Tuesday,3,1,success
JOB7150,517,60627,35,515,Wednesday,3,1,success
JOB8486,67,65524,55,1301,Wednesday,1,4,success
JOB4591,580,6242,88,1869,Monday,4,3,fail
JOB5513,200,112890,25,1351,Saturday,4,1,success
JOB5030,460,57882,56,1043,Saturday,0,0,success
JOB8097,491,54161,108,1776,Sunday,2,3,fail
JOB6127,209,106688,88,757,Thursday,5,0,success
JOB5943,238,128517,116,400,Monday,2,3,success
JOB3718,527,79810,35,475,Wednesday,0,2,success
JOB6549,260,134498,40,568,Tuesday,4,1,success
JOB7394,282,147609,104,723,Thursday,0,3,success
JOB6865,37,62997,98,1446,Saturday,5,3,success
JOB4799,414,22675,58,1453,Wednesday,1,3,success
JOB1792,168,65888,62,1362,Friday,0,0,success
JOB3685,583,135990,88,1350,Monday,2,1,success
JOB5915,222,114941,73,1913,Sunday,3,0,success
JOB9234,238,85013,93,892,Monday,1,2,success
JOB7203,530,67045,39,425,Wednesday,5,3,success
JOB1824,202,123705,21,488,Tuesday,1,4,success
JOB3393,108,65600,102,420,Friday,3,3,success
JOB6270,510,6407,51,628,Tuesday,0,1,success
JOB2356,443,60028,46,1429,Wednesday,0,1,success
JOB1763,237,55562,104,658,Saturday,2,2,success
JOB8231,342,17164,60,1758,Tuesday,1,0,success
JOB7635,89,73692,38,1781,Thursday,4,2,success
JOB2976,348,53893,70,1032,Thursday,2,1,success
JOB3864,577,69510,80,598,Friday,5,0,success
JOB5802,54,129463,42,1997,Tuesday,3,0,success
JOB8586,224,107665,54,1839,Monday,0,0,success
JOB7870,487,52887,115,1158,Thursday,4,3,success
JOB5438,385,120554,71,1050,Wednesday,3,4,success
JOB5122,109,53495,56,603,Tuesday,2,3,success
JOB6594,593,52057,37,312,Thursday,5,2,success
JOB3446,260,91346,105,1568,Thursday,0,0,success
JOB4085,223,145229,38,1911,Wednesday,0,2,success
JOB2278,496,13683,71,1128,Sunday,4,0,success
JOB6437,115,140698,24,490,Friday,5,0,success
JOB5001,194,37534,98,1760,Tuesday,2,2,success
JOB1513,171,98658,98,1837,Sunday,3,0,success
JOB1744,522,56540,57,1611,Thursday,0,0,success
JOB9376,519,127021,87,1910,Friday,2,3,success
JOB2664,418,23851,94,874,Sunday,3,2,success
JOB5348,430,112522,21,1372,Wednesday,0,3,success
JOB5483,256,54600,23,785,Friday,2,3,success
JOB1925,43,7314,84,860,Friday,1,1,success
JOB8484,583,47776,112,961,Saturday,1,2,success
JOB2362,234,44350,108,1120,Sunday,1,2,success
JOB3891,578,44989,54,1874,Monday,4,0,fail
JOB4845,159,51992,55,1910,Monday,5,4,fail
JOB4272,153,82609,60,2005,Friday,4,1,success
JOB5368,443,100202,108,847,Sunday,5,1,fail
JOB1263,321,84695,21,1742,Thursday,2,4,success
JOB5708,92,7930,104,1255,Friday,0,3,success
JOB1172,108,58965,116,1060,Sunday,3,4,success
JOB5070,46,31133,69,532,Monday,4,0,success
JOB9595,227,127080,64,401,Friday,1,3,success
JOB1900,59,104242,92,525,Friday,2,0,success
JOB9292,82,57911,96,442,Sunday,0,1,success
JOB1398,352,30327,64,520,Thursday,5,1,success
JOB7081,414,122349,88,1066,Wednesday,0,4,success
JOB8779,301,120029,21,802,Monday,2,2,success
JOB4876,359,61989,41,795,Friday,5,0,success
JOB9271,21,69856,77,1069,Thursday,3,0,success
JOB1549,511,68350,72,1657,Friday,5,2,fail
JOB4511,427,57153,98,1240,Thursday,3,2,success
JOB1784,205,82079,30,1129,Sunday,4,4,success
JOB7744,365,49409,78,880,Tuesday,2,4,success
JOB9586,594,121602,58,1706,Saturday,3,1,success
JOB8403,562,127698,61,633,Saturday,1,0,success
JOB1661,342,140223,60,1493,Tuesday,2,3,success
JOB1277,365,17260,59,1809,Monday,1,3,success
JOB1812,195,146596,34,935,Friday,0,2,success
JOB4454,232,124601,75,1776,Monday,0,0,success
JOB5427,220,83271,65,455,Wednesday,4,4,success
JOB8617,481,84478,73,1996,Thursday,2,4,fail
JOB5303,184,20562,26,461,Sunday,2,3,success
JOB2345,215,21352,98,1826,Monday,3,2,fail
JOB1966,593,55571,62,1146,Monday,3,4,fail
JOB7258,269,142605,56,1293,Wednesday,2,3,success
JOB9836,56,82790,56,1761,Thursday,1,4,success
JOB9650,235,72639,82,1063,Friday,0,2,success
JOB8645,214,50825,108,1682,Friday,4,2,success
JOB8261,293,22443,105,963,Thursday,3,3,success
JOB5616,109,122728,105,1212,Thursday,4,0,success
JOB6755,219,19635,58,589,Thursday,5,4,success
JOB2140,314,79333,69,891,Wednesday,0,4,success
JOB1384,155,100135,76,826,Friday,2,0,success
JOB1009,338,31893,107,1263,Wednesday,0,0,success
JOB3677,203,7676,112,1823,Monday,4,4,fail
JOB9096,449,49121,88,1724,Sunday,2,4,fail
JOB2664,313,11100,67,1143,Tuesday,4,2,success
JOB4308,574,97153,70,1284,Monday,1,1,success
JOB2014,224,1677,113,867,Friday,5,2,success
JOB6904,434,134022,72,1184,Wednesday,5,1,success
JOB8789,17,47588,118,1960,Friday,3,3,success
JOB3607,495,90549,56,634,Thursday,2,4,success
JOB4073,495,86868,43,533,Monday,1,4,fail
JOB2754,487,122107,87,1982,Saturday,3,0,success
JOB8230,267,6641,23,1060,Sunday,1,3,success
JOB6920,24,43907,118,808,Thursday,2,1,success
JOB3046,391,85361,30,1412,Thursday,4,0,success
JOB2355,316,64672,52,1329,Tuesday,2,4,success
JOB7550,97,141059,49,2039,Tuesday,4,0,success
JOB6369,450,108575,117,479,Thursday,2,3,success
JOB7082,159,46601,85,1027,Thursday,2,1,success
JOB8271,84,69839,76,1743,Saturday,2,0,success
JOB3533,170,113279,48,1620,Wednesday,2,2,success
JOB3076,507,59749,87,402,Thursday,2,1,success
JOB6515,20,96074,44,337,Friday,1,0,success
JOB1678,353,8622,74,1852,Sunday,3,1,success
JOB4090,48,72161,41,439,Monday,2,1,success
JOB9997,550,139612,54,2042,Tuesday,1,1,success
JOB6871,49,5316,90,483,Thursday,2,2,success
JOB3675,431,133697,108,1253,Sunday,1,3,success
JOB7617,212,19519,26,1895,Sunday,4,4,success
JOB4842,199,106149,51,820,Wednesday,2,0,success
JOB6007,368,121462,48,1911,Friday,0,1,success
JOB1712,297,9363,50,1473,Saturday,5,2,success
JOB7051,429,16069,47,1118,Monday,2,3,success
JOB6230,146,1276,47,455,Wednesday,4,0,success
JOB3084,229,125501,94,993,Friday,1,0,success
JOB6287,564,69642,25,1662,Thursday,5,1,fail
JOB3830,61,43368,63,1803,Tuesday,4,1,success
JOB3410,267,39959,24,522,Saturday,0,1,success
JOB3984,598,51762,36,1892,Sunday,5,4,fail
JOB6438,163,134754,48,1548,Friday,3,1,success
JOB5493,451,68462,38,1055,Wednesday,1,4,success
JOB1046,599,46560,42,1129,Monday,2,2,success
JOB1132,546,99371,118,1690,Thursday,2,0,fail
JOB5484,438,405,60,1569,Saturday,5,0,fail
JOB4319,282,17354,107,842,Sunday,5,3,success
JOB7746,568,16217,54,455,Monday,3,2,success
JOB2878,489,18286,22,1461,Tuesday,3,0,success
JOB1789,134,35436,27,1048,Tuesday,3,3,success
JOB4844,17,100799,105,1939,Sunday,3,0,success
JOB9967,81,63763,39,1949,Thursday,3,0,success
JOB2847,525,29923,107,323,Friday,5,4,fail
JOB3025,472,126948,112,1176,Thursday,4,4,fail
JOB9785,266,28830,99,1580,Friday,3,3,success
JOB4852,459,43605,67,1598,Monday,5,0,fail
JOB3644,392,49832,22,425,Saturday,5,0,success
JOB9623,290,54647,65,1296,Thursday,3,0,success
JOB6886,113,75969,99,1692,Sunday,2,1,success
JOB5418,90,76132,113,1945,Tuesday,1,0,success
JOB1748,44,56911,105,735,Sunday,1,3,success
JOB1482,55,82201,98,625,Saturday,5,0,success
JOB4361,186,106010,41,1731,Monday,1,0,success
JOB7283,142,125636,79,389,Tuesday,1,0,success
JOB2014,107,39846,41,1044,Saturday,3,3,success
JOB7230,462,32945,45,796,Tuesday,2,1,success
JOB4818,520,17709,60,941,Wednesday,4,4,success
JOB7763,357,130583,76,1171,Monday,3,4,success
JOB2078,181,75752,86,1046,Thursday,5,2,success
JOB3015,58,53060,28,1675,Monday,5,2,fail
JOB5409,250,99408,67,777,Saturday,0,4,success
JOB6749,163,1301,102,1833,Tuesday,0,1,success
JOB6930,159,57963,105,1746,Saturday,1,1,success
JOB9109,69,53400,33,1815,Wednesday,3,2,success
JOB8949,158,62799,38,831,Saturday,2,1,success
JOB3494,591,64620,119,1671,Tuesday,2,0,fail
JOB9923,193,56862,60,762,Saturday,5,2,success
JOB9311,389,80049,60,680,Wednesday,2,0,success
JOB3469,553,3341,79,586,Thursday,1,3,success
JOB8464,35,130632,100,1799,Tuesday,4,3,success
JOB3187,309,97641,36,1835,Tuesday,5,3,success
JOB2513,256,111350,76,1105,Friday,4,3,success
JOB5148,511,88403,75,612,Saturday,0,4,success
JOB9914,475,102223,101,1528,Sunday,4,2,fail
JOB5234,298,21087,39,891,Wednesday,1,3,success
JOB9639,25,121817,21,1459,Saturday,5,4,success
JOB9853,522,64769,48,1102,Thursday,5,0,success
JOB5228,404,32057,74,1076,Friday,5,0,success
JOB8816,599,101254,42,341,Tuesday,1,3,success
JOB5415,236,100248,57,1493,Thursday,3,4,success
JOB4244,127,116913,31,1598,Wednesday,3,2,success
JOB8014,147,34762,34,1891,Sunday,4,2,success
JOB1119,289,6939,109,1437,Wednesday,2,1,success
JOB4396,44,46146,85,401,Saturday,1,1,success
JOB3392,396,97057,112,1366,Sunday,3,0,success
JOB5445,34,44703,28,882,Wednesday,0,2,success
JOB5344,26,148848,20,1780,Monday,1,1,success
JOB6295,133,146856,42,958,Wednesday,4,1,success
JOB3510,589,20762,59,1294,Tuesday,1,2,success
JOB8772,223,73667,105,659,Monday,3,3,success
JOB5885,202,58015,33,1640,Saturday,0,4,success
JOB1987,202,51595,46,1614,Friday,1,3,success
JOB2651,11,113774,89,1362,Sunday,1,1,success
JOB2768,484,129826,114,1720,Friday,1,4,fail
JOB5406,538,2226,106,1075,Monday,1,4,fail
JOB7475,516,36598,80,502,Sunday,0,1,success
JOB9924,187,112781,102,738,Thursday,1,4,success
JOB8658,312,23498,20,284,Friday,5,3,success
JOB6767,316,113393,43,1249,Saturday,3,0,success
JOB9295,118,63931,39,2047,Monday,2,0,success
JOB3654,58,21939,118,493,Monday,1,0,success
JOB2936,378,14764,112,732,Monday,4,4,fail
JOB4335,17,86577,90,1002,Thursday,3,3,success
JOB2106,519,77396,74,574,Saturday,3,4,success
JOB6522,72,111894,34,2028,Monday,4,0,success
JOB7431,352,147842,98,861,Sunday,0,3,success
JOB4531,266,22363,41,716,Thursday,4,3,success
JOB7809,330,56318,52,991,Sunday,5,1,success
JOB5008,203,97680,96,1013,Wednesday,5,0,success
JOB9015,215,65835,48,1014,Saturday,2,1,success
JOB7307,538,90346,89,1415,Wednesday,4,0,success
JOB7034,452,59849,116,536,Wednesday,4,3,success
JOB8523,363,10959,42,1480,Friday,2,3,success
JOB5447,391,81232,100,287,Saturday,5,3,success
JOB9681,558,71717,58,1483,Friday,3,4,success
JOB7435,398,14530,71,1258,Wednesday,0,3,success
JOB7278,508,91660,69,650,Tuesday,3,1,success
JOB4976,317,56740,76,1016,Tuesday,2,4,success
JOB9826,418,38330,47,797,Monday,1,3,success
JOB6799,319,13128,99,524,Friday,3,3,success
JOB3723,351,120570,32,1178,Wednesday,3,2,success
JOB1223,586,37559,97,851,Tuesday,1,3,success
JOB1068,269,118407,116,431,Friday,1,0,success
JOB9007,40,22951,106,1102,Wednesday,0,0,success
JOB5089,582,44749,65,1437,Monday,0,1,success
JOB9205,585,52163,93,1727,Wednesday,1,3,fail
JOB6680,578,58990,34,899,Friday,4,1,success
JOB7044,137,89398,35,357,Thursday,1,1,success
JOB5197,402,23728,94,1040,Friday,3,3,success
JOB4301,194,100499,71,1911,Wednesday,5,0,success
JOB9494,442,133917,46,1736,Thursday,1,1,success
JOB4378,285,72637,59,1410,Friday,4,4,success
JOB2555,304,104943,119,1490,Thursday,4,0,success
JOB2673,406,132763,25,1142,Friday,2,0,success
JOB8175,305,61257,103,894,Friday,0,0,success
JOB9013,519,101320,63,1798,Wednesday,0,3,success
JOB6171,435,113243,107,1093,Monday,2,2,fail
JOB8264,283,99498,100,877,Thursday,2,0,success
JOB7979,355,134796,81,1658,Sunday,3,4,success
JOB5148,524,7796,62,1996,Monday,2,0,fail
JOB6060,282,20844,98,448,Thursday,5,1,success
JOB5350,134,149453,117,1493,Monday,2,0,success
JOB7475,503,25367,23,1801,Tuesday,3,1,success
JOB3129,348,48023,111,1113,Friday,5,3,success
JOB6199,558,146329,30,741,Saturday,0,2,success
JOB6318,345,53128,26,1050,Wednesday,0,0,success
JOB8071,196,6098,57,486,Sunday,2,1,success
JOB7491,462,43512,26,1368,Friday,5,3,success
JOB9840,247,116095,117,1294,Tuesday,0,4,success
JOB2693,516,123362,66,613,Thursday,1,4,success
JOB8665,240,91210,76,1038,Thursday,1,3,success
JOB5587,478,93065,115,488,Thursday,1,4,fail
JOB4763,96,137406,85,1215,Saturday,2,0,success
JOB7341,225,110839,108,526,Friday,4,1,success
JOB2518,149,129356,107,444,Thursday,5,3,success
JOB8691,300,136608,106,1048,Wednesday,2,3,success
JOB1742,324,135722,78,1792,Monday,1,2,success
JOB3994,53,34362,107,803,Friday,4,3,success
JOB3054,42,46158,56,1899,Monday,0,3,success
JOB5363,356,3721,56,740,Monday,1,1,success
JOB7354,381,119489,108,1928,Tuesday,0,1,success
JOB7646,403,100721,83,1320,Thursday,1,3,success
JOB6556,161,63535,72,1799,Sunday,4,0,success
JOB3001,150,54128,55,435,Saturday,1,3,success
JOB5086,537,48245,75,1733,Friday,4,3,success
JOB6680,590,20772,87,1958,Tuesday,0,4,fail
JOB2924,280,99554,118,1231,Saturday,3,4,success
JOB5642,447,14475,103,1554,Friday,0,1,fail
JOB5894,24,36380,80,1801,Wednesday,2,4,success
JOB4298,321,48713,76,1749,Monday,3,4,fail
JOB8921,326,37557,105,1870,Tuesday,0,2,success
JOB9387,229,39176,51,1758,Wednesday,2,0,success
JOB1354,205,145605,34,1496,Saturday,0,0,success
JOB8720,269,9225,74,1566,Thursday,5,1,success
JOB4844,469,133573,35,511,Sunday,5,4,fail
JOB1595,479,70864,87,1843,Sunday,3,3,success
JOB8800,474,60442,78,1955,Thursday,0,3,success
JOB2250,127,100529,108,1230,Monday,3,3,success
JOB9701,243,40709,90,1095,Monday,0,4,success
JOB9849,590,136594,65,807,Sunday,1,0,success
JOB4182,474,108187,61,1432,Saturday,3,2,success
JOB7322,161,57144,102,1010,Thursday,0,0,success
JOB3598,71,105205,60,1606,Thursday,0,4,success
JOB1224,131,38351,36,746,Thursday,2,2,success
JOB6642,231,59255,70,1922,Monday,3,2,success
JOB3949,224,50596,62,624,Monday,4,4,success
JOB7222,217,50062,31,1587,Monday,2,0,success
JOB5969,252,56487,85,806,Saturday,1,4,success
JOB6796,33,72211,117,1775,Saturday,0,0,success
JOB2290,328,41843,82,1299,Wednesday,0,1,success
JOB5098,172,58127,53,1969,Sunday,3,2,success
JOB6572,487,126703,93,705,Sunday,1,1,success
JOB9333,401,41221,22,1727,Saturday,1,3,success
JOB6141,132,142010,57,963,Saturday,0,0,success
JOB2081,257,41389,111,544,Monday,0,2,success
JOB6743,181,112886,39,341,Friday,1,0,success
JOB7605,134,139262,85,1943,Sunday,5,1,success
JOB8817,39,124345,117,664,Thursday,0,1,success
JOB8042,365,37900,57,1797,Monday,0,2,success
JOB7586,474,65859,85,1980,Friday,3,2,success
JOB8653,341,38596,53,1205,Friday,0,0,success
JOB8549,11,127490,64,1705,Wednesday,0,3,success
JOB7622,542,110441,100,1915,Tuesday,2,3,fail
JOB3556,134,39490,46,1195,Sunday,0,1,success
JOB1484,411,38041,32,463,Saturday,1,1,success
JOB1684,362,105137,76,689,Saturday,4,0,success
JOB2907,545,101337,64,1737,Friday,2,4,fail
JOB8768,531,136880,88,943,Thursday,5,2,success
JOB9889,354,123477,96,1579,Friday,5,4,fail
JOB2825,216,121633,74,1658,Monday,5,3,fail
JOB4886,469,28805,81,892,Saturday,1,2,success
JOB5343,316,131026,40,1998,Wednesday,0,0,success
JOB1785,129,112817,58,457,Tuesday,2,3,success
JOB5823,488,82209,20,518,Wednesday,1,3,success
JOB2631,528,91508,88,1771,Sunday,2,1,success
JOB1585,88,95677,57,1570,Thursday,5,1,success
JOB4579,595,47058,45,825,Monday,5,1,fail
JOB4830,155,59936,64,978,Saturday,4,3,success
JOB4747,101,105615,118,1827,Thursday,2,0,success
JOB3315,206,120707,30,738,Saturday,0,0,success
JOB9722,439,103730,111,1144,Thursday,0,4,fail
JOB5008,321,114072,119,457,Thursday,0,1,success
JOB3938,156,5087,38,861,Friday,4,4,success
JOB6555,263,35173,50,1609,Friday,4,0,success
JOB8047,13,96263,87,904,Monday,3,1,success
JOB1798,25,18025,57,1169,Saturday,2,4,success
JOB6987,523,78917,105,1030,Monday,1,3,fail
JOB8044,542,91311,104,970,Wednesday,2,4,fail
JOB6859,448,67004,50,850,Sunday,0,0,success
JOB3879,254,105719,109,1043,Saturday,4,0,success
JOB7764,438,63554,85,777,Thursday,0,4,success
JOB7377,80,73502,26,1973,Sunday,1,3,success
JOB8327,546,74706,95,894,Thursday,4,3,success
JOB6583,166,47197,109,1386,Monday,5,2,fail
JOB6571,545,85337,112,796,Wednesday,1,0,success
JOB6007,298,3029,61,944,Monday,4,0,success
JOB9858,226,128887,92,1777,Monday,2,4,fail
JOB6241,584,25756,97,537,Sunday,4,4,fail
JOB8840,374,24100,104,1136,Thursday,2,3,success
JOB3713,453,95674,28,528,Saturday,3,0,success
JOB7846,293,21279,78,1312,Sunday,3,3,success
JOB7192,205,64069,44,848,Sunday,0,1,success
JOB4903,207,133510,82,625,Saturday,1,0,success
JOB3846,229,130517,88,605,Saturday,5,4,success
JOB7584,439,27190,98,2000,Monday,4,3,fail
JOB2007,427,128601,34,609,Wednesday,2,0,success
JOB1818,526,110877,23,1805,Saturday,4,3,success
JOB2213,359,67439,86,1679,Tuesday,2,4,success
JOB3895,155,8381,51,367,Thursday,5,3,success
JOB4148,599,126249,87,1318,Thursday,2,2,success
JOB4203,45,6769,36,257,Sunday,3,1,success
JOB9345,147,101884,47,1309,Thursday,1,1,success
JOB4871,206,25961,48,1787,Monday,4,3,success
JOB9774,458,105044,38,2025,Sunday,4,3,success
JOB2635,332,95359,90,2035,Monday,1,2,success
JOB8494,104,50000,103,1760,Friday,4,4,fail
JOB7195,32,95890,110,571,Wednesday,5,4,fail
JOB8521,284,95572,24,1075,Friday,1,1,success
JOB4834,286,53192,45,406,Thursday,4,1,success
JOB8140,462,119774,90,809,Sunday,2,4,success
JOB2827,333,107796,90,1626,Monday,5,3,fail
JOB5111,205,106804,82,518,Thursday,4,3,success
JOB4863,124,94276,34,646,Sunday,0,2,success
JOB9547,466,141705,95,947,Wednesday,3,0,success
JOB5095,565,17031,68,1803,Sunday,4,1,success
JOB8479,184,82905,81,527,Tuesday,5,0,success
JOB9751,556,74843,56,997,Thursday,1,3,success
JOB5797,386,24507,108,1874,Thursday,2,3,success
JOB9268,75,61604,50,964,Wednesday,2,3,success
JOB2422,475,19210,97,594,Monday,3,0,fail
JOB4823,51,75932,107,1171,Thursday,3,3,success
JOB1457,179,65134,22,1922,Friday,5,4,fail
JOB5963,534,21336,45,1256,Saturday,2,4,success
JOB8446,335,4201,35,1310,Sunday,5,0,success
JOB7453,543,143397,30,1200,Tuesday,1,4,success
JOB8129,126,143133,66,1432,Wednesday,5,1,success
JOB4229,267,97984,116,669,Saturday,4,2,success
JOB5439,153,25753,44,1642,Tuesday,3,0,success
JOB8765,212,141874,69,645,Saturday,3,2,success
JOB1840,99,27585,79,875,Saturday,4,2,success
JOB3682,487,69132,26,2000,Friday,4,0,success
JOB7270,140,12035,64,946,Friday,2,1,success
JOB6617,447,38265,63,1110,Monday,5,2,fail
JOB8937,280,2177,25,879,Tuesday,2,0,success
JOB1471,219,47554,23,1362,Tuesday,3,4,success
JOB9693,174,16740,78,2047,Wednesday,3,3,success
JOB3809,109,42158,98,1752,Sunday,2,1,success
JOB6663,485,106883,96,1334,Sunday,3,2,success
JOB7047,117,113145,22,895,Saturday,1,3,success
JOB2041,31,96201,83,1452,Thursday,1,1,success
JOB1688,378,133760,59,1975,Sunday,3,1,success
JOB7692,57,132471,96,845,Sunday,0,3,success
JOB6457,321,88367,48,1151,Tuesday,3,2,success
JOB2260,375,127344,32,674,Monday,4,3,success
JOB6047,433,130707,66,1943,Sunday,1,0,success
JOB7904,162,67790,106,1652,Tuesday,1,1,success
JOB6760,549,129457,40,1441,Monday,3,3,success
JOB2135,22,96363,21,1137,Sunday,5,2,success
JOB3010,423,19106,94,1613,Thursday,1,4,fail
JOB2953,538,71195,94,459,Friday,4,2,success
JOB2025,595,161,116,552,Sunday,0,1,success
JOB5683,446,50829,36,1394,Saturday,3,2,success
JOB6124,264,108128,91,842,Monday,1,4,fail
JOB3941,82,24022,24,2021,Saturday,0,0,success
JOB4263,340,124174,55,443,Saturday,0,2,success
JOB5544,436,44262,28,485,Wednesday,1,0,success
JOB1191,401,19279,21,1292,Saturday,2,4,success
JOB8206,210,22596,102,899,Tuesday,0,3,success
JOB1281,116,132938,32,1588,Saturday,4,4,success
JOB3367,330,72764,49,1689,Thursday,3,4,success
JOB8659,453,45987,73,952,Wednesday,4,4,success
JOB4201,125,57228,70,638,Wednesday,2,1,success
JOB3460,191,148237,39,1164,Friday,0,3,success
JOB6252,158,141239,62,374,Friday,0,2,success
JOB5270,143,145707,117,379,Friday,3,4,success
JOB3344,363,81203,48,1069,Tuesday,0,2,success
JOB4184,371,48005,93,567,Sunday,3,4,success
JOB5155,159,9225,95,1344,Monday,1,4,fail
JOB7555,222,15239,77,976,Wednesday,1,1,success
JOB8883,495,8703,22,597,Monday,2,2,success
JOB8971,177,113269,34,325,Friday,5,4,success
JOB4504,470,137126,53,299,Saturday,3,3,success
JOB9555,235,139984,33,407,Saturday,2,1,success
JOB4369,362,14701,76,1623,Monday,3,2,success
JOB1892,222,131707,29,806,Friday,4,4,success
JOB2660,283,15676,35,852,Thursday,0,1,success
JOB6182,371,124915,83,1707,Tuesday,5,0,success
JOB9192,516,24558,32,1670,Thursday,5,2,fail
JOB7165,223,129850,59,871,Saturday,5,1,success
JOB3210,582,14943,67,1571,Wednesday,3,2,success
JOB5015,358,25923,37,562,Sunday,3,1,success
JOB9181,319,13946,34,1711,Sunday,3,2,success
JOB4250,561,121656,83,879,Thursday,5,3,success
JOB8350,291,63215,86,1932,Thursday,0,2,success
JOB4261,523,29342,97,567,Thursday,3,3,success
JOB6862,223,6295,74,348,Tuesday,2,1,success
JOB4779,84,87326,48,1207,Thursday,3,1,success
JOB5032,512,36872,42,531,Tuesday,5,3,success
JOB9876,347,126756,77,396,Saturday,1,2,success
JOB7771,423,149134,112,2004,Tuesday,0,1,fail
JOB2354,504,67381,80,2029,Tuesday,2,2,success
JOB9599,23,79610,113,757,Thursday,1,3,success
JOB4643,596,62884,109,846,Monday,1,0,fail
JOB9565,382,5204,49,991,Wednesday,5,2,success
JOB3543,152,27860,53,313,Wednesday,2,4,success
JOB3609,169,129427,37,1716,Wednesday,2,2,success
JOB4247,471,10689,57,1576,Saturday,2,2,success
JOB2612,277,68039,40,1717,Tuesday,0,0,success
JOB3819,295,28001,49,361,Tuesday,3,3,success
JOB9748,87,13873,71,1584,Friday,5,4,fail
JOB1668,159,111275,41,1300,Monday,3,4,success
JOB9170,273,33999,48,638,Friday,4,1,success
JOB8871,293,53469,107,1184,Sunday,1,0,success
JOB4725,543,88055,58,1495,Sunday,2,1,success
JOB6179,278,99753,109,1470,Sunday,4,4,success
JOB6668,233,78004,45,1816,Monday,2,2,success
JOB1143,349,71673,23,274,Wednesday,0,1,success
JOB1778,564,84647,26,541,Tuesday,2,0,success
JOB4769,228,43151,97,1020,Wednesday,2,0,success
JOB5632,289,101415,50,792,Monday,1,1,success
JOB9044,136,15911,113,1103,Thursday,2,4,success
JOB1167,125,144054,81,1172,Wednesday,5,3,success
JOB5731,167,21607,39,546,Wednesday,1,4,success
JOB8735,63,140967,30,1376,Saturday,5,0,success
JOB3915,367,61688,73,1913,Thursday,1,2,success
JOB6297,473,126461,23,1548,Thursday,1,1,success
JOB7187,420,124551,28,856,Friday,4,1,success
JOB1841,194,67880,28,806,Sunday,0,4,success
JOB2069,251,1648,42,1872,Thursday,2,1,success
JOB5737,280,93739,81,1448,Monday,2,1,success
JOB5165,485,78580,31,1913,Thursday,2,0,success
JOB8709,144,128606,119,884,Saturday,2,0,success
JOB9083,180,8440,42,1115,Friday,0,2,success
JOB2086,251,121766,90,665,Saturday,4,2,success
JOB2656,217,42284,105,1795,Tuesday,1,2,success
JOB2907,167,103692,64,1548,Thursday,1,2,success
JOB4856,102,147761,40,927,Wednesday,3,3,success
JOB7085,433,77331,27,1957,Tuesday,4,2,success
JOB8264,592,146574,83,1731,Friday,5,4,fail
JOB6050,68,48936,25,1641,Wednesday,2,2,success
JOB4982,348,125743,82,731,Sunday,1,2,success
JOB7757,220,134224,64,885,Monday,5,1,success
JOB8156,194,95025,52,947,Tuesday,2,2,success
JOB6766,288,66728,108,1144,Saturday,4,2,success
JOB8084,586,107561,57,640,Monday,5,1,fail
JOB7815,132,97290,84,1651,Sunday,3,1,success
JOB1085,166,93146,98,1496,Friday,3,0,success
JOB8274,171,87553,53,890,Friday,2,3,success
JOB7628,162,118212,35,369,Thursday,1,4,success
JOB5387,205,138261,78,1089,Thursday,0,3,success
JOB8281,16,77343,95,554,Saturday,3,1,success
JOB7492,148,52049,63,1761,Tuesday,5,3,success
JOB2960,70,13182,85,336,Monday,3,1,success
JOB9672,415,30321,95,1630,Sunday,1,3,fail
JOB6000,153,57531,23,1201,Tuesday,4,4,success
JOB5198,591,126888,35,1200,Saturday,4,4,success
JOB2265,587,46702,53,959,Saturday,0,0,success
JOB5196,537,107292,66,1309,Monday,2,2,success
JOB5544,158,91812,62,1494,Wednesday,4,1,success
JOB7738,334,43528,78,826,Friday,3,2,success
JOB6407,366,139281,53,310,Wednesday,4,0,success
JOB9489,297,90768,64,1042,Saturday,2,1,success
JOB2558,458,66895,93,1760,Sunday,5,2,fail
JOB8146,349,91481,81,423,Wednesday,5,1,success
JOB1107,161,108227,57,1003,Friday,5,1,success
JOB8518,69,85563,72,1965,Friday,0,1,success
JOB7334,437,53033,75,855,Thursday,1,4,success
JOB5049,589,7809,67,503,Monday,4,4,fail
JOB9053,408,84637,89,448,Sunday,0,4,success
JOB6274,556,130208,30,1416,Sunday,5,2,success
JOB2074,174,25057,82,1551,Wednesday,1,3,success
JOB7250,560,101755,39,554,Sunday,0,0,success
JOB3459,41,107891,29,1963,Saturday,2,1,success
JOB1575,415,81927,85,295,Monday,0,0,success
JOB8083,435,148063,118,342,Friday,0,1,success
JOB9786,420,115600,80,1159,Monday,4,3,success
JOB2469,382,39374,46,1366,Friday,2,0,success
JOB6550,505,46966,64,510,Monday,3,2,success
JOB4702,556,17488,63,1836,Wednesday,2,1,success
JOB2022,379,101194,112,468,Monday,3,3,success
JOB1025,560,20027,31,913,Monday,0,3,success
JOB1470,141,106567,41,1404,Tuesday,2,2,success
JOB5101,565,115759,117,1006,Thursday,1,4,fail
JOB1496,38,20156,74,1575,Thursday,5,3,success
JOB4550,46,85583,42,2037,Tuesday,5,3,success
JOB2885,498,109851,84,807,Friday,4,4,success
JOB8286,47,128243,22,739,Wednesday,1,2,success
JOB2318,412,148327,84,1052,Wednesday,2,4,success
JOB2831,311,29546,64,635,Saturday,1,4,success
JOB6375,344,38468,114,1372,Sunday,3,0,success
JOB5932,163,105325,86,1334,Tuesday,2,4,success
JOB6144,164,76948,69,704,Thursday,2,3,success
JOB4579,121,146979,116,1890,Monday,4,4,fail
JOB8421,103,378,98,1655,Monday,4,2,fail
JOB9922,340,83307,77,1132,Wednesday,0,2,success
JOB7168,207,147005,84,1734,Saturday,1,0,success
JOB6206,177,43450,33,1654,Tuesday,1,4,success
JOB1970,334,30056,109,466,Sunday,5,4,fail
JOB3666,215,36883,25,685,Saturday,2,4,success
JOB9978,476,96368,44,722,Sunday,2,4,success
JOB6670,126,18761,119,1929,Monday,0,2,fail
JOB9063,370,80897,27,1651,Wednesday,0,2,success
JOB6217,494,12054,82,773,Friday,1,3,success
JOB9470,230,123036,117,1796,Saturday,2,0,success
JOB3770,256,114848,117,957,Tuesday,1,3,success
JOB3021,112,126682,95,1559,Thursday,2,1,success
JOB2522,92,65030,55,1036,Sunday,3,3,success
JOB6495,77,145344,59,395,Sunday,4,1,success
JOB8271,78,98422,117,1590,Thursday,0,2,success
JOB4628,242,15696,56,776,Thursday,1,2,success
JOB9988,93,132914,102,1122,Friday,3,3,success
JOB7820,109,33828,24,985,Tuesday,5,1,success
JOB6220,354,24945,97,464,Sunday,2,1,success
JOB2645,175,88151,71,1417,Sunday,5,3,success
JOB5607,86,129898,89,1808,Saturday,2,2,success
JOB1510,118,45409,73,1050,Monday,3,3,success
JOB9643,324,108385,88,325,Sunday,0,4,success
JOB7200,326,130460,110,418,Tuesday,4,0,success
JOB1735,526,79105,115,1195,Monday,0,2,fail
JOB9432,43,60888,98,1954,Sunday,3,1,success
JOB5197,47,1728,94,1478,Saturday,3,3,success
JOB8957,287,95489,49,1807,Sunday,3,4,success
JOB1589,202,88167,58,1021,Thursday,0,1,success
JOB3086,474,78346,77,649,Wednesday,4,4,success
JOB9578,33,58856,52,1794,Wednesday,3,1,success
JOB6609,554,69150,52,1606,Wednesday,0,1,success
JOB5958,573,50954,39,1289,Tuesday,0,1,success
JOB6065,207,62669,21,612,Friday,1,1,success
JOB7582,187,70518,117,1611,Friday,0,3,success
JOB2770,316,56619,46,1325,Sunday,0,3,success
JOB1805,303,87311,69,2008,Sunday,0,4,success
JOB3410,117,93861,47,807,Tuesday,4,2,success
JOB8936,348,145786,103,1973,Sunday,1,3,success
JOB2753,391,86437,113,579,Sunday,2,3,success
JOB4590,441,40906,92,952,Wednesday,0,0,success
JOB7694,461,84786,94,1705,Wednesday,0,1,fail
JOB7834,351,17025,86,455,Friday,2,0,success
JOB8458,41,28020,37,759,Tuesday,1,4,success
JOB6698,308,81953,107,1790,Wednesday,2,4,fail
JOB6018,364,30393,65,361,Thursday,0,0,success
JOB1644,587,132237,31,638,Monday,2,3,success
JOB5357,477,73586,47,652,Friday,1,3,success
JOB7305,164,49260,98,1506,Monday,1,4,fail
JOB6467,572,13263,80,719,Friday,4,3,success
JOB7583,271,125900,20,1465,Wednesday,3,2,success
JOB5805,184,83656,36,1170,Tuesday,1,0,success
JOB8886,394,100192,94,1021,Monday,3,4,fail
JOB9471,452,73012,100,876,Thursday,2,4,fail
JOB3404,11,144524,58,1977,Sunday,4,3,success
JOB3941,138,149917,86,1674,Friday,4,2,success
JOB4967,486,74089,106,1733,Saturday,3,0,fail
JOB7324,487,84307,100,1826,Friday,2,1,fail
JOB7247,244,31169,71,1045,Tuesday,4,0,success
JOB1107,572,116235,99,817,Tuesday,4,2,success
JOB1750,549,32246,77,701,Wednesday,4,4,success
JOB5020,518,22362,24,1424,Thursday,4,2,success
JOB3169,549,24978,64,520,Friday,5,2,success
JOB9026,224,49126,57,1674,Tuesday,0,4,success
JOB2760,524,77932,72,304,Monday,5,0,fail
JOB9599,217,104464,88,689,Thursday,1,2,success
JOB6815,108,117043,60,1823,Tuesday,5,2,success
JOB8888,453,116034,84,1739,Thursday,1,4,fail
JOB4405,202,9119,50,330,Friday,3,1,success
JOB9467,535,140857,117,1857,Sunday,4,3,fail
JOB9244,597,108631,85,823,Thursday,0,0,success
JOB2714,284,106944,47,1542,Thursday,3,3,success
JOB9338,569,89853,60,641,Thursday,0,2,success
JOB5896,137,124651,78,577,Tuesday,0,1,success
JOB5438,52,105052,22,571,Wednesday,2,4,success
JOB9055,385,108047,29,688,Wednesday,2,3,success
JOB9966,372,54143,23,257,Tuesday,2,2,success
JOB6830,435,86415,29,723,Tuesday,5,4,fail
JOB6410,179,140539,98,579,Wednesday,5,1,success
JOB2843,29,65856,76,1190,Wednesday,3,2,success
JOB8392,493,53311,84,1684,Tuesday,0,4,fail
JOB5031,575,96479,92,1452,Thursday,4,0,success
JOB7354,226,149160,92,867,Friday,3,0,success
JOB6107,358,78795,109,793,Wednesday,3,1,success
JOB4540,358,110937,23,1756,Thursday,2,3,success
JOB8394,57,33625,74,1022,Wednesday,5,1,success
JOB5034,251,113177,72,1102,Thursday,0,3,success
JOB7166,11,70746,99,667,Monday,4,4,fail
JOB4745,519,73961,34,478,Wednesday,1,2,success
JOB1693,408,21442,66,1667,Saturday,1,4,fail
JOB9823,354,19356,48,1229,Wednesday,0,4,success
JOB3542,470,51828,115,333,Friday,5,3,fail
JOB3867,304,77859,59,754,Thursday,3,1,success
JOB6219,379,9055,89,334,Monday,0,1,success
JOB1741,128,147302,84,458,Saturday,5,4,success
JOB4148,395,27832,105,1686,Tuesday,3,1,success
JOB1037,462,57154,24,436,Monday,2,0,success
JOB3866,159,1370,108,300,Saturday,4,2,success
JOB7854,566,81436,115,1727,Tuesday,4,3,fail
JOB1076,283,137752,115,658,Monday,3,1,success
JOB6725,341,128991,28,838,Monday,0,2,success
JOB9105,119,69886,111,1702,Thursday,3,0,success
JOB2751,533,9210,46,1850,Monday,4,0,fail
JOB2169,472,31816,119,1594,Monday,0,0,fail
JOB1744,310,130014,84,522,Saturday,2,1,success
JOB1861,394,126686,45,998,Thursday,0,0,success
JOB2580,451,120399,105,307,Monday,2,3,fail
JOB3990,258,41822,84,1243,Thursday,1,3,success
JOB5581,134,9720,38,1169,Sunday,1,4,success
JOB1255,48,35298,23,1165,Sunday,3,3,success
JOB2466,531,24643,29,993,Saturday,0,4,success
JOB2747,527,16064,41,1400,Saturday,5,4,fail
JOB8240,286,70985,86,936,Wednesday,5,2,success
JOB3275,481,5290,42,1048,Tuesday,3,2,success
JOB7156,177,83843,50,816,Tuesday,2,4,success
JOB7210,258,73463,101,1689,Wednesday,5,0,fail
JOB4912,155,123373,104,1106,Sunday,4,0,success
JOB4260,130,87337,59,1853,Wednesday,4,2,success
JOB8619,204,76105,49,494,Sunday,3,0,success
JOB7283,414,111228,107,1045,Thursday,2,4,fail
JOB9142,290,119261,88,2047,Thursday,1,0,success
JOB5853,565,18090,23,1907,Friday,0,1,success
JOB9314,578,87575,43,1061,Thursday,0,2,success
JOB8737,470,50516,94,1963,Wednesday,0,3,fail
JOB6329,134,47284,73,1588,Monday,5,3,fail
JOB7503,51,104527,88,582,Thursday,0,2,success
JOB4591,463,75728,110,1881,Friday,0,2,fail
JOB7833,222,66578,104,399,Friday,4,4,success
JOB5062,313,108088,37,1269,Saturday,5,3,success
JOB3940,487,86983,109,1130,Monday,4,3,fail
JOB6475,293,142542,73,671,Friday,1,1,success
JOB9842,349,49984,88,1295,Saturday,1,0,success
JOB7275,97,143754,103,760,Sunday,3,4,success
JOB4478,185,127196,30,539,Monday,0,0,success
JOB4732,517,26585,57,1198,Monday,4,3,success
JOB2050,234,22381,85,1761,Saturday,1,3,success
JOB2191,572,52516,65,1749,Friday,4,4,fail
JOB9583,240,32195,63,2018,Saturday,2,1,success
JOB7274,531,24673,99,1904,Saturday,3,3,fail
JOB4651,198,22492,52,1733,Thursday,2,4,success
JOB2797,434,80614,39,1712,Tuesday,2,0,success
JOB8809,587,14577,112,1027,Tuesday,0,2,success
JOB6027,362,40958,103,1325,Monday,1,4,fail
JOB1971,183,43967,29,1187,Friday,2,3,success
JOB7761,344,110678,64,2020,Monday,2,4,fail
JOB4356,115,41551,27,1288,Tuesday,5,3,success
JOB6120,158,7369,28,300,Thursday,3,3,success
JOB9120,338,37641,84,622,Thursday,2,2,success
JOB1614,510,81350,55,1838,Sunday,2,3,success
JOB6945,429,35699,78,785,Sunday,2,4,success
JOB3413,242,29922,42,540,Friday,4,3,success
JOB8735,421,35197,54,1804,Monday,5,3,fail
JOB4438,66,24867,90,1502,Friday,2,2,success
JOB7009,268,144080,101,1318,Thursday,3,3,success
JOB8743,251,19886,113,1432,Thursday,5,0,success
JOB9526,173,98110,20,871,Monday,4,1,success
JOB1920,293,109485,69,1728,Saturday,0,3,success
JOB8819,207,137542,119,2041,Thursday,3,1,success
JOB2019,62,111395,102,999,Monday,0,4,fail
JOB3656,428,73989,29,1106,Tuesday,1,0,success
JOB7816,301,101890,100,1510,Friday,1,1,success
JOB1169,333,131925,74,1776,Sunday,0,4,success
JOB9697,208,131300,78,1360,Thursday,0,3,success
JOB4903,202,23424,30,1823,Friday,3,0,success
JOB7917,397,109070,26,921,Saturday,4,2,success
JOB3975,77,107405,64,1657,Tuesday,3,2,success
JOB9711,405,20605,82,1331,Wednesday,2,1,success
JOB6095,408,72607,94,449,Saturday,5,3,fail
JOB3532,520,91904,32,440,Friday,4,1,success
JOB4013,347,56291,64,1413,Wednesday,4,2,success
JOB8700,536,102906,52,784,Friday,1,4,success
JOB9753,569,18499,27,1761,Wednesday,1,1,success
JOB4807,430,121894,24,774,Friday,0,0,success
JOB8790,88,110045,95,1638,Saturday,1,2,success
JOB4071,12,94902,20,1989,Saturday,4,4,success
JOB5686,597,90717,43,1038,Monday,5,4,fail
JOB6558,299,1324,73,1713,Tuesday,3,2,success
JOB6293,473,125069,34,289,Tuesday,2,1,success
JOB3837,193,144258,98,921,Saturday,5,1,success
JOB2292,206,59413,35,371,Wednesday,2,4,success
JOB1629,256,141272,24,959,Wednesday,5,4,success
JOB7591,390,53905,52,541,Tuesday,1,1,success
JOB4659,347,78586,78,2021,Tuesday,3,3,success
JOB4633,257,118431,101,816,Monday,1,1,success
JOB8725,283,22392,76,646,Wednesday,4,4,success
JOB4403,300,129028,37,1479,Friday,3,0,success
JOB1787,86,18257,70,805,Thursday,1,3,success
JOB1986,27,49260,36,1775,Saturday,1,2,success
JOB9177,498,149597,76,311,Saturday,0,2,success
JOB6440,563,92019,49,1964,Sunday,2,1,success
JOB5878,141,114999,24,778,Saturday,1,1,success
JOB6131,523,135373,64,1594,Monday,0,0,fail
JOB7922,598,57111,73,1001,Friday,5,1,success
JOB4091,590,147060,83,1522,Monday,1,1,fail
JOB1741,466,147301,32,1979,Monday,3,1,fail
JOB1530,454,87908,56,910,Friday,5,2,success
JOB1356,176,26568,93,1730,Wednesday,5,3,fail
JOB4306,313,95162,72,970,Monday,2,2,success
JOB3824,523,88772,70,1871,Saturday,2,0,success
JOB9221,269,114928,94,919,Saturday,5,2,success
JOB5411,122,123107,37,436,Tuesday,2,1,success
JOB5354,60,63668,63,404,Friday,3,1,success
JOB3038,407,25460,119,987,Tuesday,5,2,fail
JOB7280,12,144084,75,1887,Sunday,1,0,success
JOB3303,547,135205,93,435,Tuesday,2,2,success
JOB5686,501,114669,106,1678,Tuesday,3,2,fail
JOB6629,153,61527,95,1549,Thursday,3,3,success
JOB7859,481,23758,64,345,Sunday,3,1,success
JOB7736,216,45428,21,1776,Friday,4,1,success
JOB5694,88,91738,118,1066,Monday,1,3,success
JOB7578,487,98500,115,887,Tuesday,3,3,success
JOB3305,385,38233,34,1521,Friday,2,2,success
JOB4323,345,101356,20,308,Saturday,2,4,success
JOB6094,373,41006,23,1909,Friday,3,3,success
JOB4556,408,10674,71,901,Wednesday,0,2,success
JOB9824,410,97032,33,1379,Friday,2,0,success
JOB7232,474,45582,79,1076,Monday,3,4,fail
JOB4499,72,78197,104,275,Thursday,0,0,success
JOB3298,12,69645,77,1896,Wednesday,0,4,success
JOB9642,369,139260,88,590,Friday,5,3,success
JOB1463,159,113720,103,763,Friday,1,4,success
JOB5265,281,88721,41,1819,Thursday,4,1,success
JOB9927,213,50017,33,1737,Sunday,0,3,success
JOB3483,111,135,98,1569,Thursday,1,3,success
JOB3273,385,147781,81,1966,Tuesday,2,1,success
JOB5930,184,25601,92,1400,Saturday,3,0,success
JOB7717,507,43199,114,344,Friday,5,2,fail
JOB2503,580,97417,59,727,Saturday,1,2,success
JOB9299,69,40650,76,367,Monday,0,3,success
JOB4563,294,7070,104,2041,Monday,2,2,fail
JOB9867,479,109852,65,2020,Monday,2,4,fail
JOB3786,100,114284,20,857,Thursday,5,0,success
JOB8361,483,110303,49,755,Sunday,0,3,success
JOB8974,188,88943,21,932,Friday,2,3,success
JOB8314,373,134567,94,1906,Saturday,0,2,success
JOB7758,399,12576,77,815,Tuesday,3,1,success
JOB7082,329,99548,44,1613,Wednesday,1,0,success
JOB1966,441,97137,28,490,Monday,2,3,success
JOB8379,528,59095,82,1681,Sunday,2,4,fail
JOB9339,193,107770,73,447,Monday,3,1,success
JOB5385,365,95820,65,1655,Sunday,2,4,success
JOB2016,265,8777,114,656,Saturday,5,1,success
JOB4012,538,103269,111,1882,Sunday,1,2,fail
JOB3362,393,14932,75,268,Wednesday,5,3,success
JOB2587,38,46860,95,934,Tuesday,0,2,success
JOB9332,444,116696,115,644,Wednesday,1,1,success
JOB3850,246,103319,101,591,Tuesday,3,0,success
JOB5440,27,45248,73,885,Wednesday,1,1,success
JOB6771,332,147700,30,888,Monday,3,3,success
JOB2354,344,21007,54,717,Sunday,0,3,success
JOB7568,484,14688,119,1054,Wednesday,0,3,success
JOB2089,138,83614,66,960,Tuesday,5,3,success
JOB3656,163,55677,58,1970,Saturday,5,0,success
JOB1002,155,138372,108,933,Sunday,4,3,success
JOB5547,162,74623,93,1340,Thursday,3,0,success
JOB7706,97,20965,94,933,Friday,2,2,success
JOB5344,168,126369,108,818,Saturday,5,4,fail
JOB4315,465,147921,84,1400,Wednesday,4,3,success
JOB5941,585,139698,93,1171,Friday,3,3,success
JOB5493,556,116870,85,1351,Wednesday,2,2,success
JOB4255,70,63476,67,502,Monday,2,0,success
JOB5995,515,18440,114,664,Friday,5,0,fail
JOB5263,350,63688,33,1651,Wednesday,0,2,success
JOB8877,90,59525,49,615,Friday,1,2,success
JOB7119,349,7779,73,1860,Saturday,2,0,success
JOB4765,387,136961,95,637,Tuesday,4,1,success
JOB7336,254,21483,113,557,Saturday,0,0,success
JOB1199,223,14859,29,1090,Sunday,0,1,success
JOB2083,503,81251,116,1225,Friday,3,0,success
JOB8269,316,18381,55,2000,Tuesday,3,1,success
JOB6068,472,7301,31,1015,Monday,4,2,success
JOB8815,119,61878,41,1008,Saturday,3,1,success
JOB6593,353,109171,89,536,Sunday,3,2,success
JOB4861,127,125413,107,1130,Monday,5,2,fail
JOB3758,219,59886,33,1279,Monday,0,1,success
JOB2391,307,15286,48,1836,Sunday,3,2,success
JOB2529,382,134014,82,774,Wednesday,3,3,success
JOB8850,416,136536,34,1844,Monday,4,1,fail
JOB8413,90,134389,110,1908,Friday,1,4,fail
JOB3048,195,91528,116,710,Friday,3,0,success
JOB2451,411,134733,69,2011,Saturday,5,2,fail
JOB7926,450,111287,45,1837,Friday,4,4,fail
JOB7665,411,108315,100,1745,Thursday,2,1,fail
JOB1544,479,108471,21,1120,Tuesday,5,1,success
JOB1003,112,132645,35,796,Friday,0,2,success
JOB5728,432,108366,33,1750,Monday,1,2,fail
JOB9197,175,59023,117,1669,Friday,5,1,fail
JOB4428,171,109299,97,1183,Thursday,1,3,success
JOB5866,122,141262,117,1379,Thursday,0,3,success
JOB7487,457,47334,31,280,Sunday,2,0,success
JOB8049,376,34993,70,1828,Monday,4,2,success
JOB7999,359,126882,38,1042,Sunday,4,3,success
JOB1291,272,142577,69,1186,Saturday,2,0,success
JOB1727,599,146941,65,354,Thursday,2,2,success
JOB8587,114,140701,71,651,Monday,5,0,success
JOB2605,589,26507,56,1511,Thursday,0,3,success
JOB3761,206,108247,45,1399,Saturday,4,2,success
JOB2293,508,12512,26,652,Sunday,3,2,success
JOB2321,527,30411,67,1065,Saturday,5,2,success
JOB4300,75,96084,60,2009,Monday,2,2,success
JOB1366,187,44654,100,1306,Tuesday,5,3,success
JOB8020,54,11063,54,813,Sunday,5,4,success
JOB4601,515,118190,119,1661,Friday,2,4,fail
JOB9807,502,104401,40,1687,Friday,1,1,success
JOB9159,566,103979,94,844,Thursday,0,1,success
JOB8606,479,39247,41,1351,Wednesday,4,0,success
JOB1897,252,39621,87,1656,Wednesday,0,0,success
JOB3797,447,120910,90,853,Thursday,1,1,success
JOB1661,207,4028,86,1391,Wednesday,4,2,success
JOB4386,187,96105,72,270,Sunday,0,3,success
JOB5834,199,43938,46,570,Thursday,0,0,success
JOB7486,294,109884,68,1201,Thursday,2,2,success
JOB4588,211,141634,44,318,Monday,1,4,success
JOB6411,276,28856,98,710,Tuesday,1,2,success
JOB9641,575,123513,116,1554,Thursday,5,1,fail
JOB2661,506,125553,91,1154,Monday,1,2,fail
JOB9161,154,145442,53,1663,Tuesday,1,2,success
JOB2501,382,7216,55,431,Tuesday,5,3,success
JOB9701,372,19599,106,1558,Wednesday,5,2,fail
JOB2383,126,80531,116,1333,Wednesday,0,3,success
JOB8021,574,78027,65,824,Saturday,4,1,success
JOB6730,315,104837,37,1424,Tuesday,3,1,success
JOB9618,597,852,106,1777,Friday,5,0,fail
JOB4289,72,108503,20,1953,Monday,0,3,success
JOB2090,512,4978,45,652,Sunday,3,0,success
JOB8378,278,47234,56,1065,Tuesday,0,0,success
JOB1361,447,16304,48,881,Friday,1,2,success
JOB3109,294,98347,83,713,Monday,4,3,success
JOB3826,184,127402,47,1139,Sunday,1,3,success
JOB6128,350,86248,64,2007,Tuesday,5,2,success
JOB4046,566,74864,59,1118,Tuesday,0,3,success
JOB6941,509,75293,38,1924,Tuesday,5,2,fail
JOB3826,161,113151,55,2011,Tuesday,0,3,success
JOB8618,38,116386,58,1158,Sunday,2,0,success
JOB3239,65,56044,116,300,Tuesday,1,3,success
JOB2392,44,87266,61,923,Thursday,1,4,success
JOB4835,406,32224,112,736,Sunday,4,3,success
JOB2967,395,82221,63,801,Thursday,1,3,success
JOB7209,569,26919,26,1341,Sunday,3,4,success
JOB2770,74,48736,83,809,Wednesday,4,4,success
JOB2759,522,118956,111,538,Saturday,4,4,fail
JOB6166,89,69026,20,1637,Saturday,4,3,success
JOB8789,150,106305,26,273,Friday,5,3,success
JOB8354,390,51461,22,516,Tuesday,3,2,success
JOB4384,370,36074,64,728,Tuesday,0,3,success
JOB4908,73,91421,82,781,Wednesday,5,3,success
JOB8599,411,78262,57,1413,Tuesday,2,2,success
JOB8582,280,47436,101,1374,Wednesday,5,3,success
JOB4902,290,12528,53,289,Tuesday,0,3,success
JOB9686,351,108051,94,1254,Wednesday,5,2,success
JOB8877,349,42057,29,1294,Tuesday,5,4,success
JOB3384,336,112364,116,1198,Friday,4,1,success
JOB8234,16,31797,53,616,Friday,5,1,success
JOB9698,193,10189,115,1654,Tuesday,3,3,success
JOB6443,520,94373,37,671,Friday,1,2,success
JOB7096,368,95417,109,987,Thursday,5,4,fail
JOB8542,283,32119,102,1408,Saturday,2,4,success
JOB7118,225,60784,80,1917,Monday,4,0,success
JOB2610,11,140716,66,391,Tuesday,4,3,success
JOB4900,522,707,106,736,Thursday,0,3,success
JOB4145,98,82459,60,1003,Wednesday,3,0,success
JOB8166,476,98758,33,1392,Wednesday,1,1,success
JOB5578,62,73205,46,1845,Monday,4,2,success
JOB2523,261,61597,24,599,Saturday,1,2,success
JOB3015,214,12663,40,1303,Wednesday,3,3,success
JOB1290,426,19416,58,1999,Thursday,3,0,success
JOB3445,159,89840,33,1884,Thursday,4,3,success
JOB1199,183,8737,96,2037,Saturday,1,0,success
JOB4677,371,147597,119,980,Saturday,2,1,success
JOB5938,203,68485,100,1597,Thursday,1,1,success
JOB4450,155,134833,31,606,Friday,1,4,success
JOB6349,457,67424,98,1122,Saturday,3,1,success
JOB6055,256,53387,93,918,Saturday,3,1,success
JOB4907,465,31531,82,1157,Sunday,3,4,success
JOB2593,72,126234,76,795,Friday,1,3,success
JOB1206,220,89297,67,322,Thursday,0,0,success
JOB1922,525,127535,61,1901,Tuesday,2,2,success
JOB8156,133,57816,57,1839,Wednesday,5,0,success
JOB4972,249,145383,37,720,Thursday,1,3,success
JOB3159,447,120206,77,1436,Saturday,3,2,success
JOB8915,207,125234,78,1714,Saturday,0,3,success
JOB9367,466,64080,102,1083,Sunday,1,1,success
JOB3085,533,40073,59,1470,Friday,0,4,success
JOB9156,284,87334,45,1625,Monday,4,3,success
JOB7932,378,8904,93,464,Tuesday,1,3,success
JOB9734,411,114279,46,1136,Thursday,4,1,success
JOB5659,31,19362,90,1463,Saturday,2,1,success
JOB6900,448,35317,80,1333,Thursday,0,2,success
JOB3706,331,139437,58,1629,Saturday,1,1,success
JOB4756,479,94817,67,993,Friday,2,3,success
JOB4695,256,72949,106,757,Tuesday,1,1,success
JOB8564,289,83487,86,1104,Saturday,3,1,success
JOB3247,555,15458,21,1281,Wednesday,0,4,success
JOB6301,236,84397,69,1455,Friday,0,3,success
JOB8732,575,101960,81,1175,Saturday,3,2,success
JOB1377,367,63922,94,1545,Sunday,5,2,fail
JOB7451,11,99103,77,1944,Saturday,5,1,success
JOB1973,327,125808,66,1035,Wednesday,5,1,success
JOB7235,234,133885,75,1225,Tuesday,5,3,success
JOB6407,486,84063,33,1612,Friday,5,3,fail
JOB1891,124,73276,52,1092,Tuesday,4,2,success
JOB7665,96,45225,21,1880,Sunday,4,3,success
JOB8380,194,135537,63,1277,Friday,1,3,success
JOB1010,11,26569,40,1049,Saturday,5,4,success
JOB8810,270,25548,100,1105,Sunday,0,1,success
JOB2514,40,53195,93,1308,Monday,2,3,success
JOB2966,561,60423,96,880,Friday,0,0,success
JOB2138,386,30512,100,820,Saturday,3,2,success
JOB8573,416,85929,115,283,Wednesday,1,0,success
JOB4777,596,97788,28,273,Thursday,4,0,success
JOB8431,30,105331,57,281,Sunday,1,2,success
JOB6430,164,87592,62,1204,Tuesday,2,4,success
JOB5823,516,94143,48,1053,Sunday,5,1,success
JOB6137,434,101633,53,1030,Friday,0,0,success
JOB4510,187,98190,70,427,Monday,5,3,success
JOB4406,109,120725,37,521,Monday,5,3,success
JOB3035,314,54216,41,1117,Saturday,3,4,success
JOB6251,472,69737,99,1335,Wednesday,4,3,success
JOB8348,443,116160,62,1501,Saturday,5,4,fail
JOB2846,175,118773,104,613,Thursday,3,4,success
JOB8635,219,87074,65,1515,Friday,1,2,success
JOB5981,507,78838,60,2047,Sunday,5,1,fail
JOB8111,548,118100,68,275,Monday,3,3,success
JOB5619,222,28521,117,1833,Friday,2,4,fail
JOB8850,273,124434,73,1938,Friday,1,3,success
JOB4398,312,71447,58,1600,Wednesday,4,3,success
JOB9143,275,23538,114,1292,Thursday,2,4,success
JOB3181,510,52986,87,1511,Sunday,1,2,success
JOB3676,556,36050,108,1542,Thursday,5,3,fail
JOB7766,534,84963,115,344,Thursday,3,0,success
JOB7840,171,143316,99,1396,Thursday,4,4,success
JOB9374,193,100456,52,1784,Friday,3,0,success
JOB8974,395,75574,101,491,Thursday,5,1,success
JOB3316,226,23215,30,1936,Sunday,1,4,success
JOB7203,217,122211,68,1667,Sunday,4,4,success
JOB3979,544,58975,114,1681,Wednesday,2,3,fail
JOB7173,469,1700,93,1742,Monday,0,3,fail
JOB5207,141,70980,109,353,Tuesday,2,1,success
JOB4425,553,75862,44,1787,Friday,4,0,success
JOB8238,396,793,85,1525,Sunday,5,3,success
JOB6761,137,48947,97,1809,Wednesday,2,3,success
JOB3669,28,133070,112,1801,Friday,1,3,success
JOB4017,21,108216,22,1175,Tuesday,1,0,success
JOB3361,105,44419,65,1723,Thursday,3,0,success
JOB7057,526,121212,85,2041,Tuesday,3,1,success
JOB1687,454,48496,79,1741,Tuesday,2,4,fail
JOB1077,410,35624,36,892,Thursday,1,4,success
JOB1368,209,67043,68,1568,Thursday,1,4,success
JOB9087,52,41068,27,548,Tuesday,4,0,success
JOB1281,496,74060,22,1709,Saturday,4,0,success
JOB9825,455,93791,98,1675,Monday,0,2,fail
JOB9433,81,52844,104,1108,Friday,0,3,success
JOB9877,236,145848,50,1845,Monday,0,4,fail
JOB3408,245,128287,32,433,Monday,0,4,success
JOB1479,484,87848,36,1048,Tuesday,1,2,success
JOB2625,363,49594,20,1431,Wednesday,3,1,success
JOB6784,393,34858,68,589,Monday,0,3,success
JOB4377,490,18809,59,1763,Wednesday,1,4,fail
JOB6055,314,44345,70,1375,Sunday,4,2,success
JOB7514,423,45472,111,857,Tuesday,1,3,success
JOB4149,535,12744,68,326,Sunday,1,3,success
JOB8124,446,85396,30,440,Thursday,3,1,success
JOB9222,96,113560,43,581,Sunday,5,1,success
JOB1582,382,46497,89,1688,Sunday,1,2,success
JOB3461,406,95628,94,1409,Friday,3,4,fail
JOB1549,503,110596,40,1212,Saturday,3,2,success
JOB1998,507,48626,91,1063,Saturday,5,3,fail
JOB9064,275,147968,114,1972,Tuesday,5,2,fail
JOB2450,212,6726,68,1082,Wednesday,4,2,success
JOB7784,586,125847,79,950,Thursday,4,2,success
JOB4561,377,87600,25,1272,Thursday,5,4,success
JOB7397,216,144379,93,398,Saturday,5,2,success
JOB6900,105,18145,79,611,Friday,5,2,success
JOB7655,563,39255,54,1113,Tuesday,1,0,success
JOB5331,472,136275,40,1133,Thursday,3,0,success
JOB6934,528,103467,30,1144,Sunday,0,1,success
JOB2385,357,43561,24,1037,Thursday,5,1,success
JOB9923,20,17994,80,1059,Tuesday,5,3,success
JOB4636,173,137536,25,1726,Monday,2,0,success
JOB3900,17,88992,102,1060,Saturday,4,1,success
JOB1308,21,40506,30,1645,Friday,1,2,success
JOB3950,200,104487,119,1085,Sunday,3,0,success
JOB3309,596,46120,22,1315,Monday,3,3,success
JOB1101,532,141037,50,363,Saturday,1,3,success
JOB6641,146,125061,84,508,Wednesday,2,3,success
JOB2342,44,6778,65,1675,Saturday,1,0,success
JOB8195,272,135245,46,1306,Friday,1,1,success
JOB5454,216,62879,109,543,Monday,1,3,success
JOB2855,476,113486,96,856,Sunday,0,2,success
JOB6188,89,31945,38,2047,Friday,0,1,success
JOB1516,599,138757,85,1539,Wednesday,2,2,success
JOB1909,355,55519,69,1047,Wednesday,1,0,success
JOB5529,581,102045,95,626,Tuesday,5,2,fail
JOB5109,315,51222,91,647,Thursday,5,1,success
JOB6207,32,127538,111,1224,Wednesday,2,1,success
JOB2419,281,41857,46,1229,Thursday,0,2,success
JOB6449,459,39273,112,1937,Wednesday,4,3,fail
JOB3210,204,62917,110,391,Thursday,1,4,success
JOB1699,171,46789,98,1426,Wednesday,4,3,success
JOB8583,488,48112,86,763,Saturday,3,4,success
JOB8258,80,95147,79,1143,Wednesday,5,1,success
JOB9291,524,10493,80,1566,Saturday,5,1,fail
JOB4419,397,31017,88,962,Tuesday,3,3,success
JOB7855,552,30485,42,943,Sunday,4,1,success
JOB4075,39,95256,48,1706,Friday,0,0,success
JOB1464,166,62087,87,387,Friday,4,0,success
JOB6627,577,74161,72,1283,Monday,0,4,fail
JOB6572,358,103946,101,1381,Thursday,4,3,success
JOB2706,506,7823,110,888,Monday,0,3,fail
JOB4620,47,76323,21,1343,Thursday,1,4,success
JOB1746,581,72706,67,765,Tuesday,0,2,success
JOB9757,378,105985,49,547,Thursday,4,3,success
JOB9878,89,110349,100,1674,Saturday,2,4,fail
JOB5014,375,13656,55,441,Monday,4,2,success
JOB9344,509,123698,46,1252,Friday,1,0,success
JOB6376,136,97011,49,289,Friday,3,0,success
JOB5087,452,81924,115,811,Tuesday,3,2,success
JOB5158,566,46417,83,495,Saturday,4,4,success
JOB2239,47,73257,34,1582,Sunday,3,1,success
JOB7814,442,59189,75,1597,Sunday,0,3,success
JOB9972,304,42995,31,809,Monday,0,1,success
JOB9439,51,117683,102,1972,Friday,2,3,success
JOB5149,530,3404,64,1046,Saturday,5,1,success
JOB1060,23,86908,113,1846,Tuesday,4,4,fail
JOB9938,395,22240,36,999,Thursday,2,0,success
JOB8515,476,86010,49,548,Wednesday,2,0,success
JOB1397,489,81822,38,1529,Saturday,2,4,fail
JOB9010,252,22516,32,1618,Thursday,5,4,fail
JOB6581,490,118322,90,1459,Thursday,1,1,success
JOB8378,512,94038,20,1118,Saturday,5,0,success
JOB1478,296,30533,111,759,Tuesday,0,3,success
JOB9274,485,25235,50,278,Saturday,5,2,success
JOB3320,13,69805,53,272,Monday,3,1,success
JOB7311,497,33031,82,261,Monday,4,2,success
JOB3405,470,67046,64,1064,Monday,2,0,success
JOB5958,62,10998,45,1423,Saturday,4,4,success
JOB3252,126,3971,55,1477,Sunday,4,0,success
JOB7282,270,25123,37,299,Monday,2,2,success
JOB2070,591,8046,35,609,Sunday,1,0,success
JOB6517,517,37531,36,1938,Friday,5,2,fail
JOB7501,553,6946,22,495,Thursday,1,0,success
JOB9560,77,23594,82,709,Sunday,4,2,success
JOB4677,131,75737,87,1619,Friday,5,1,success
JOB7249,101,70495,92,1822,Wednesday,5,0,fail
JOB2725,485,8128,62,1254,Monday,2,4,fail
JOB6235,469,39579,91,1328,Thursday,3,2,success
JOB6643,260,118357,26,1613,Tuesday,2,4,success
JOB9426,343,139589,103,329,Saturday,2,0,success
JOB2440,177,5442,90,1842,Friday,2,0,success
JOB5853,554,49226,51,864,Saturday,5,4,fail
JOB6967,177,112651,36,282,Friday,5,0,success
JOB5241,21,88340,111,1741,Wednesday,4,3,success
JOB6600,227,130339,30,529,Thursday,1,4,success
JOB3144,365,25542,67,1706,Saturday,0,2,success
JOB6057,355,94630,105,2031,Monday,4,4,fail
JOB6045,176,98494,106,559,Thursday,4,4,success
JOB7950,405,36247,32,519,Tuesday,4,0,success
JOB9143,450,146167,80,1966,Saturday,5,2,fail
JOB7118,150,30467,47,991,Friday,2,0,success
JOB4462,433,70431,106,305,Thursday,0,0,success
JOB8899,38,47525,81,639,Thursday,5,2,success
JOB5301,596,21324,117,1856,Friday,2,0,fail
JOB4407,395,114516,31,1809,Monday,5,0,fail
JOB2422,502,140247,44,1521,Wednesday,1,1,success
JOB7942,30,6020,75,767,Wednesday,5,3,success
JOB6745,198,59087,79,1383,Wednesday,5,3,success
JOB6083,26,68600,91,890,Friday,1,1,success
JOB1170,343,106250,93,1520,Friday,0,1,success
JOB5873,458,59470,30,1845,Thursday,0,4,fail
JOB3778,37,48488,58,709,Monday,4,2,success
JOB6545,149,110343,77,549,Wednesday,5,2,success
JOB7677,20,74302,86,509,Thursday,5,4,success
JOB5274,49,60200,111,1461,Monday,2,3,success
JOB9947,523,84982,109,1872,Friday,3,2,fail
JOB1921,92,42207,76,1407,Monday,0,2,success
JOB9453,313,42381,102,1506,Tuesday,5,2,fail
JOB5800,340,60828,105,2005,Friday,0,2,success
JOB1340,127,95513,114,2043,Saturday,1,0,success
JOB7969,120,126295,63,1468,Sunday,2,2,success
JOB7926,361,9069,60,967,Friday,1,4,success
JOB5044,167,118033,71,595,Monday,4,4,success
JOB5803,21,34957,98,687,Thursday,2,3,success
JOB1910,439,44606,100,1114,Thursday,2,1,success
JOB6673,496,28876,100,423,Friday,0,0,success
JOB7790,328,54809,49,1729,Saturday,4,3,success
JOB7459,32,93483,35,565,Wednesday,0,2,success
JOB4550,457,124828,95,578,Sunday,3,4,fail
JOB6793,17,36239,51,2031,Thursday,2,3,success
JOB3026,490,46443,107,1202,Friday,5,2,fail
JOB4850,445,106532,82,1879,Thursday,0,4,fail
JOB4785,69,108962,101,1861,Friday,4,4,fail
JOB2138,273,44014,53,1514,Friday,4,1,success
JOB4268,22,99131,24,1681,Thursday,2,2,success
JOB8659,175,101617,72,1922,Tuesday,5,0,success
JOB6552,114,67662,47,1668,Thursday,1,2,success
JOB7258,503,19094,34,768,Wednesday,4,1,success
JOB7171,585,40929,112,275,Thursday,1,2,success
JOB2537,174,11284,34,305,Sunday,4,0,success
JOB5861,524,120545,56,655,Friday,5,2,success
JOB6193,201,49373,90,449,Wednesday,2,0,success
JOB3555,438,135156,40,1335,Sunday,3,2,success
JOB3044,583,103652,104,535,Sunday,0,1,success
JOB4982,491,18966,117,1719,Monday,4,0,fail
JOB9796,599,59289,80,1724,Thursday,5,4,fail
JOB1263,424,116633,62,769,Thursday,4,4,success
JOB6753,466,2565,57,1044,Monday,1,3,success
JOB5087,575,48697,89,1238,Monday,0,0,success
JOB2423,537,42012,109,1524,Wednesday,3,1,fail
JOB3844,590,128014,37,516,Sunday,3,0,success
JOB3349,280,117357,35,1375,Monday,2,4,success
JOB3119,339,89137,71,2026,Saturday,3,3,success
JOB6921,362,135273,110,687,Saturday,5,3,success
JOB3111,566,110003,23,1272,Friday,0,3,success
JOB5183,77,138254,116,1014,Friday,3,0,success
JOB7321,33,109062,57,310,Wednesday,2,3,success
JOB8517,29,30892,114,1379,Sunday,2,2,success
JOB8150,44,57970,60,1744,Tuesday,2,0,success
JOB4009,560,12712,80,839,Friday,2,3,success
JOB8697,346,72244,77,1911,Wednesday,0,2,success
JOB8435,556,15948,29,724,Monday,3,2,success
JOB8603,80,135545,61,289,Thursday,2,2,success
JOB6059,277,71152,46,1110,Tuesday,2,2,success
JOB7354,347,37682,22,1116,Thursday,3,1,success
JOB2458,232,37494,107,1086,Wednesday,0,0,success
JOB3925,162,138889,55,467,Monday,3,0,success
JOB3926,191,29111,82,2036,Friday,1,2,success
JOB7476,104,119534,92,329,Sunday,0,3,success
JOB8557,387,62177,43,1911,Friday,2,0,success
JOB1323,317,114690,46,629,Thursday,1,4,success
JOB5555,155,123111,48,1570,Friday,1,1,success
JOB7017,260,27498,27,1827,Tuesday,0,0,success
JOB3543,63,112221,65,836,Sunday,3,4,success
JOB4123,476,33617,78,351,Sunday,4,0,success
JOB4866,352,59312,84,1102,Saturday,2,1,success
JOB4767,436,84957,42,1104,Tuesday,3,1,success
JOB4847,77,123443,82,872,Wednesday,4,1,success
JOB1281,517,134819,102,1779,Friday,4,1,fail
JOB6165,61,53333,85,854,Friday,3,2,success
JOB2547,150,85999,51,676,Wednesday,4,4,success
JOB8679,50,87280,102,718,Thursday,4,1,success
JOB9498,138,60871,116,429,Saturday,1,3,success
JOB6833,244,129013,61,590,Wednesday,0,1,success
JOB6882,313,75135,61,322,Saturday,5,4,success
JOB1244,207,30153,36,420,Friday,3,1,success
JOB3510,351,60080,59,1851,Thursday,3,3,success
JOB2477,481,51385,90,1041,Sunday,2,4,success
JOB8380,213,104056,44,994,Monday,4,3,success
JOB2895,263,58962,114,1925,Wednesday,0,2,success
JOB4626,532,86986,75,1077,Monday,1,1,success
JOB8096,413,93658,40,1694,Sunday,3,3,success
JOB3775,160,41442,95,819,Wednesday,5,0,success
